,hello,hi,good,morning,can,i,ask,you,something,want,to,know,about,artificial,intellegence,who,are,night,really,excited,this,topic,feel,confused,where,tell,me,a,joke,made,whats,up,what,is,your,purpose,kind,of,information,have,ever,questioned,the,nature,reality,doing,hei,how,day,thank,help,give,some,advice,would,describe,yourself,stuck,in,do,bye,not,understand,convey,nlp,natural,language,processing,named,entity,recognition,why,needed,situation,that,make,become,famous,for,research,doe,include,difficult,should,everyone,pipeline,lemmatization,difference,between,and,stemming,naive,bayes,hidden,markov,model,hmm,cosine,similarity,measure,nltk,jaccard,coefficient,wordnet,used,advantage,goal,languange,history,development,text,mining,retrieval,ir,automatic,question,answering,qa,machine,translasion,summarization,sentiment,analysis,tokenization,part,speech,po,tagging,stopword,removal,refference,further,any,standardization,area,preprocessing,evaluation,diverse,uncover,social,medium,work,adventages,being,component,step,main,problem,terminology,input,output,generation,understanding,nlu,material,discussed,explain,segmentation,start,developer,use,algorithm,all,exists,lexical,syntactic,semantic,discourse,integration,pragmatic,method,commonly,task,whai,word,sense,disambiguation,svm,cfg,top,down,parsing,simplification
hello,0.786365127,0,0,0,0,0,0,0,0,0,0,0,0,0,0,0,0,0,0,0,0,0,0,0,0,0,0,0,0,0,0,0,0,0,0,0,0,0,0,0,0,0,0,0,0,0,0,0,0,0,0,0,0,0,0,0,0,0,0,0,0,0,0,0,0,0,0,0,0,0,0,0,0,0,0,0,0,0,0,0,0,0,0,0,0,0,0,0,0,0,0,0,0,0,0,0,0,0,0,0,0,0,0,0,0,0,0,0,0,0,0,0,0,0,0,0,0,0,0,0,0,0,0,0,0,0,0,0,0,0,0,0,0,0,0,0,0,0,0,0,0,0,0,0,0,0,0,0,0,0,0,0,0,0,0,0,0,0,0,0,0,0,0,0,0,0,0,0,0,0,0,0,0,0,0,0,0,0,0,0,0,0,0
hi,0,1.11353877,0,0,0,0.068168222,0,0,0,0.068168222,0,0,0,0,0,0,0,0,0,0,0,0.068168222,0,0,0,0,0,0,0,0.068168222,0,0,0,0,0,0,0,0,0,0,0,0,0,0,0,0,0,0,0,0,0,0,0,0,0,0,0,0,0,0,0,0,0,0,0,0,0,0,0,0,0,0,0,0,0,0,0,0,0,0,0,0,0,0,0.068168222,0,0,0,0,0,0,0,0,0,0,0,0,0.068168222,0,0,0,0,0,0,0,0,0,0,0.068168222,0,0,0,0,0,0,0,0,0,0,0,0,0,0,0,0,0,0,0,0,0,0,0,0,0,0,0,0,0,0,0,0,0,0,0,0,0,0,0,0,0,0,0,0,0,0,0,0,0,0,0,0,0,0,0,0,0,0,0,0,0,0,0,0,0,0,0,0,0,0,0,0,0,0
good morning,0,0,0.269889871,0.327652136,0,0.01136137,0,0,0,0.01136137,0,0,0,0,0,0,0,0,0,0.269889871,0,0.01136137,0,0,0,0,0,0,0,0.01136137,0,0,0,0,0,0,0,0,0,0,0,0,0,0,0,0,0,0,0,0,0,0,0,0,0,0,0,0,0,0,0,0,0,0,0,0,0,0,0,0,0,0,0,0,0,0,0,0,0,0,0,0,0,0,0.01136137,0,0,0,0,0,0,0,0,0,0,0,0,0.01136137,0,0.056144091,0,0,0,0,0,0,0.269889871,0,0.01136137,0,0,0,0,0,0,0,0,0,0,0,0,0,0,0,0,0,0,0,0,0,0,0,0,0,0,0,0,0,0,0,0,0,0,0,0,0,0,0,0,0,0,0,0,0,0,0,0,0,0,0,0,0,0,0,0,0,0,0,0,0,0,0,0,0,0,0,0,0,0,0,0,0,0
can i ask you something,0,0.096829458,0,0,0.100973379,0.011855343,0.153320023,0.073066688,0.170948941,0.011855343,0,0,0,0,0,0,0,0,0.073066688,0,0,0.011855343,0,0,0,0,0,0,0,0.011855343,0,0,0,0,0.073066688,0,0.083344461,0.009922896,0,0,0,0.073066688,0,0,0,0,0,0,0,0,0,0,0,0.073066688,0,0,0,0,0,0,0,0,0,0.073066688,0,0,0,0,0,0,0,0.073066688,0,0.073066688,0.100973379,0.073066688,0,0.083344461,0.100973379,0.073066688,0,0.083344461,0.140812107,0,0.011855343,0,0,0,0,0,0,0,0,0,0.073066688,0,0,0.011855343,0,0.029292569,0,0,0,0.100973379,0.073066688,0,0,0,0.011855343,0,0,0,0,0.073066688,0,0,0,0,0,0,0,0,0,0,0,0,0,0,0,0,0,0,0,0,0,0,0,0,0,0,0,0,0,0,0.009922896,0,0,0,0,0,0,0,0,0,0,0,0,0,0,0,0,0,0,0,0,0,0,0,0,0,0,0,0,0,0,0,0,0,0,0,0,0,0
i want to know about artificial intellegence,0,0,0,0,0,0.015492778,0,0,0,0.015492778,0.080144557,0.045134443,0.068534884,0.048637867,0.089359673,0.089359673,0,0,0,0,0,0.015492778,0,0,0.045134443,0.068534884,0.048637867,0,0,0.015492778,0,0,0,0,0,0.080144557,0,0.010373937,0,0,0,0,0,0,0,0,0,0,0,0,0,0,0,0,0,0,0,0,0,0,0,0,0,0,0,0,0,0,0,0,0,0,0,0,0,0,0,0,0,0,0,0,0,0,0.015492778,0,0.080144557,0.045134443,0.068534884,0.048637867,0,0,0,0,0,0,0,0.015492778,0,0.015312025,0,0,0,0,0,0,0,0,0.015492778,0,0,0,0,0,0,0,0,0,0,0,0,0,0,0,0,0,0,0,0,0,0,0,0,0,0,0,0,0,0,0,0,0,0,0,0.010373937,0,0,0,0,0,0,0,0,0,0,0,0,0,0,0,0,0,0,0,0.068534884,0.048637867,0,0,0,0,0,0,0,0,0,0,0,0,0,0,0,0,0
who are you,0,0,0,0,0,0,0,0.152775803,0,0,0,0,0,0,0,0,0.32057823,0.202461595,0.152775803,0,0,0,0,0,0,0,0,0,0,0,0,0,0,0.202461595,0.152775803,0,0,0.010373937,0,0.32057823,0,0.152775803,0,0,0,0,0,0,0,0,0,0,0,0.152775803,0,0,0,0,0,0,0,0,0.202461595,0.152775803,0,0,0,0,0,0,0.202461595,0.152775803,0,0.152775803,0,0.152775803,0,0,0,0.152775803,0,0,0,0,0,0,0,0,0,0,0,0,0,0,0.152775803,0,0,0,0,0,0,0,0,0,0.152775803,0,0,0,0,0,0,0,0,0.152775803,0,0,0,0,0,0,0,0,0,0,0,0,0,0,0,0,0,0,0,0,0,0,0,0,0,0,0,0,0,0,0.010373937,0,0,0,0,0,0,0,0,0,0,0,0,0,0,0,0,0,0,0,0,0,0,0,0,0,0,0,0,0,0,0,0,0,0,0,0,0,0
good night,0,0,0.323867845,0,0,0.013633644,0,0,0,0.013633644,0,0,0,0,0,0,0,0,0,0.323867845,0.393182563,0.013633644,0,0,0,0,0,0,0,0.013633644,0,0,0,0,0,0,0,0,0,0,0,0,0,0,0,0,0,0,0,0,0,0,0,0,0,0,0,0,0,0,0,0,0,0,0,0,0,0,0,0,0,0,0,0,0,0,0,0,0,0,0,0,0,0,0.013633644,0,0,0,0,0,0,0,0,0,0,0,0,0.013633644,0,0,0,0,0,0,0,0,0.323867845,0,0.013633644,0,0,0,0,0,0,0,0,0,0,0,0,0,0,0,0,0,0,0,0,0,0,0,0,0,0,0,0,0,0,0,0,0,0,0,0,0,0,0,0,0,0,0,0,0,0,0,0,0,0,0,0,0,0,0,0,0,0,0,0,0,0,0,0,0,0,0,0,0,0,0,0,0,0
i really excited to know about this topic,0,0.054318964,0,0,0,0.013301116,0,0,0,0.013301116,0,0.096873926,0.073549632,0.052196736,0,0,0,0,0,0,0,0.013301116,0.086008793,0.095898186,0.096873926,0.073549632,0.052196736,0.078992157,0.073549632,0.013301116,0,0,0,0,0,0,0,0.005566503,0,0,0,0,0,0,0,0.015511921,0,0,0,0,0,0,0,0,0,0,0,0,0,0,0,0,0,0,0,0,0,0,0,0,0,0,0,0,0,0,0,0,0,0,0,0,0,0,0.013301116,0.086008793,0,0.096873926,0.073549632,0.052196736,0.078992157,0.073549632,0,0,0,0,0,0.013301116,0,0,0.078992157,0.073549632,0,0,0,0,0,0,0.013301116,0,0,0,0,0,0,0,0.015511921,0,0,0.015511921,0,0,0,0,0.015511921,0,0,0,0.015511921,0,0,0,0,0,0.015511921,0,0,0,0,0,0,0,0,0,0.005566503,0,0.073549632,0,0,0,0,0,0,0,0,0,0,0,0,0,0,0,0,0,0.073549632,0.052196736,0,0,0,0,0.015511921,0,0,0,0,0,0.015511921,0,0,0.015511921,0,0,0
i feel confused,0,0,0,0,0,0.009089096,0,0,0,0.009089096,0,0,0,0,0,0,0,0,0,0,0,0.009089096,0,0,0,0,0,0,0,0.009089096,0.262121709,0.262121709,0,0,0,0,0,0,0,0,0,0,0,0,0,0,0,0,0,0,0,0,0,0,0,0,0,0,0,0,0,0,0,0,0,0,0,0,0,0,0,0,0,0,0,0,0,0,0,0,0,0,0,0,0.009089096,0,0,0,0,0,0,0,0,0,0,0,0,0.009089096,0,0,0,0,0,0,0,0,0,0,0.009089096,0,0,0,0,0,0,0,0,0,0,0,0,0,0,0,0,0,0,0,0,0,0,0,0,0,0,0,0,0,0,0,0,0,0,0,0,0,0,0,0,0,0,0,0,0,0,0,0,0,0,0,0,0,0,0,0,0,0,0,0,0,0,0,0,0,0,0,0,0,0,0,0,0,0
where are you,0,0,0,0,0,0,0,0.129271833,0,0,0,0,0,0,0,0,0,0.171313657,0.129271833,0,0,0,0,0,0,0,0,0,0,0,0,0,0.271258502,0.171313657,0.129271833,0,0,0.008777947,0,0,0,0.129271833,0,0,0,0,0,0,0,0,0,0,0,0.129271833,0,0,0,0,0,0,0,0,0.171313657,0.129271833,0,0,0,0,0,0,0.171313657,0.129271833,0,0.129271833,0,0.129271833,0,0,0,0.129271833,0,0,0,0,0,0,0,0,0,0,0,0,0,0,0.129271833,0,0,0,0,0,0,0,0,0,0.129271833,0,0,0,0,0,0,0,0,0.129271833,0,0,0,0,0,0,0,0,0,0,0,0,0,0,0,0,0,0,0,0,0,0,0,0,0,0,0,0,0,0,0.008777947,0,0,0,0,0,0,0,0,0,0,0,0,0,0,0,0,0,0,0,0,0,0,0,0,0,0,0,0,0,0,0,0,0,0,0,0,0,0
tell me a joke,0,0,0,0,0,0,0,0,0,0,0,0,0,0,0,0,0,0,0,0,0,0,0,0,0,0,0,0,0,0,0,0,0,0,0,0.251882895,0.136923044,0.00815095,0.280844688,0,0,0,0,0,0,0,0,0,0,0,0,0,0,0,0,0,0,0,0,0,0,0,0,0,0,0,0,0,0,0,0,0,0,0,0,0,0,0.136923044,0,0,0,0.136923044,0,0,0,0,0,0,0,0,0,0,0,0,0,0,0,0,0,0,0,0,0,0,0,0,0,0,0,0,0,0,0,0,0,0,0,0,0,0,0,0,0,0,0,0,0,0,0,0,0,0,0,0,0,0,0,0,0,0,0,0,0,0,0.00815095,0,0,0,0,0,0,0,0,0,0,0,0,0,0,0,0,0,0,0,0,0,0,0,0,0,0,0,0,0,0,0,0,0,0,0,0,0,0
who made you ,0,0,0,0,0,0,0,0.129271833,0,0,0,0,0,0,0,0,0.271258502,0,0.129271833,0,0,0,0,0,0,0,0,0,0,0,0,0,0,0,0.129271833,0,0,0.008777947,0,0.271258502,0.302448126,0.129271833,0,0,0,0,0,0,0,0,0,0,0,0.129271833,0,0,0,0,0,0,0,0,0,0.129271833,0,0,0,0,0,0,0,0.129271833,0,0.129271833,0,0.129271833,0,0,0,0.129271833,0,0,0,0,0,0,0,0,0,0,0,0,0,0,0.129271833,0,0,0,0,0,0,0,0,0,0.129271833,0,0,0,0,0,0,0,0,0.129271833,0,0,0,0,0,0,0,0,0,0,0,0,0,0,0,0,0,0,0,0,0,0,0,0,0,0,0,0,0,0,0.008777947,0,0,0,0,0,0,0,0,0,0,0,0,0,0,0,0,0,0,0,0,0,0,0,0,0,0,0,0,0,0,0,0,0,0,0,0,0,0
whats up ,0,0,0,0,0,0,0,0,0,0,0,0,0,0,0,0,0,0,0,0,0,0,0,0,0,0,0,0,0,0,0,0,0,0,0,0,0,0.012679256,0,0,0,0,0.436869515,0.436869515,0.048368675,0,0,0,0.048368675,0,0,0,0,0,0,0,0,0,0,0,0,0.048368675,0,0,0,0,0,0,0,0,0,0,0,0,0,0,0,0,0,0,0,0,0,0,0,0,0,0,0,0,0,0,0,0,0,0,0,0,0,0,0,0,0.048368675,0,0,0,0,0,0,0,0,0,0.048368675,0,0,0.048368675,0,0,0.048368675,0,0,0,0,0.048368675,0,0,0,0.048368675,0,0,0,0,0,0,0,0,0.048368675,0,0,0,0,0,0,0,0.012679256,0,0,0,0,0.048368675,0,0,0,0,0,0.048368675,0,0,0,0,0,0.048368675,0,0,0,0,0,0,0,0.048368675,0,0,0,0,0,0.048368675,0,0,0.048368675,0,0,0,0
what is your purpose ,0,0,0,0,0,0.006492212,0,0.080025421,0,0.006492212,0,0,0,0,0,0,0,0,0.080025421,0,0,0.006492212,0,0,0,0,0,0,0,0.006492212,0,0,0,0,0.080025421,0,0,0.005433967,0,0,0,0.080025421,0,0,0.020729432,0.030285179,0.154222783,0.187229792,0.020729432,0,0,0,0,0.080025421,0,0,0,0,0,0.154222783,0,0.020729432,0,0.080025421,0,0,0,0,0,0,0,0.080025421,0,0.080025421,0,0.080025421,0,0,0,0.080025421,0,0,0,0,0.006492212,0,0,0,0,0,0,0,0,0,0.080025421,0,0,0.006492212,0,0,0,0,0.020729432,0,0.080025421,0,0,0,0.006492212,0,0,0,0.020729432,0.080025421,0,0.020729432,0.030285179,0,0.020729432,0.030285179,0,0,0,0.020729432,0.030285179,0,0,0.020729432,0.030285179,0,0,0,0,0,0.030285179,0,0.020729432,0,0,0,0,0,0,0,0.005433967,0,0,0,0,0.020729432,0,0,0,0,0,0.020729432,0,0,0,0,0,0.020729432,0,0,0,0,0,0,0,0.020729432,0.030285179,0,0,0,0,0.020729432,0.030285179,0,0.020729432,0.030285179,0,0,0
what kind of information ,0,0,0,0,0,0.016360373,0,0,0,0.016360373,0,0,0,0,0,0,0,0,0,0,0,0.016360373,0,0,0,0,0,0,0,0.016360373,0,0,0,0,0,0,0,0.009129065,0,0,0,0,0,0,0.017412723,0,0,0,0.017412723,0.141054421,0.079436619,0.129547138,0,0,0,0,0,0,0.079436619,0,0,0.017412723,0,0,0,0,0,0,0,0,0,0,0,0,0,0,0,0,0,0,0,0,0,0,0.016360373,0,0,0,0,0,0,0,0,0,0,0,0,0.016360373,0,0.053898328,0,0,0.017412723,0,0,0,0,0,0.016360373,0,0,0,0.017412723,0,0,0.017412723,0,0,0.017412723,0,0,0,0,0.017412723,0,0,0,0.017412723,0,0,0,0,0,0,0,0,0.017412723,0.141054421,0.079436619,0,0,0,0,0,0.009129065,0,0,0.092895509,0,0.017412723,0,0,0,0,0,0.017412723,0,0,0,0,0,0.017412723,0,0,0,0,0,0,0,0.017412723,0,0,0,0,0,0.017412723,0,0,0.017412723,0,0,0,0
have you ever questioned the nature of your reality ,0,0,0,0,0,0.005243709,0,0.064635917,0,0.005243709,0,0,0,0,0,0,0,0,0.064635917,0,0,0.005243709,0,0,0,0,0,0,0,0.005243709,0,0,0,0,0.064635917,0,0,0.00658346,0,0,0,0.064635917,0,0,0,0,0.062282278,0,0,0,0.038190682,0,0.075612031,0.064635917,0.067814625,0.075612031,0.039615836,0.075612031,0.038190682,0.062282278,0.075612031,0,0,0.064635917,0,0,0,0.039615836,0,0,0,0.064635917,0,0.064635917,0,0.064635917,0,0,0,0.064635917,0,0,0,0,0.005243709,0,0,0,0,0,0,0,0,0,0.064635917,0,0,0.005243709,0,0,0,0,0,0,0.064635917,0,0,0,0.005243709,0,0,0,0,0.064635917,0,0,0,0,0,0,0,0,0,0,0,0,0,0,0,0,0,0,0,0,0,0,0,0,0.038190682,0,0,0,0,0,0.00658346,0,0,0,0,0,0,0,0,0,0,0,0,0,0,0,0,0,0,0,0,0,0,0,0,0,0,0,0,0,0,0,0,0,0,0,0.039615836,0,0
what are you doing ,0,0,0,0,0,0.007175602,0,0.088449149,0,0.007175602,0,0,0,0,0,0,0,0.117214607,0.088449149,0,0,0.007175602,0,0,0,0,0,0,0,0.007175602,0,0,0,0.117214607,0.088449149,0,0,0.012011927,0,0,0,0.088449149,0,0,0.022911477,0,0,0,0.022911477,0,0,0,0,0.088449149,0,0,0,0,0,0,0,0.022911477,0.117214607,0.088449149,0.206938191,0,0,0,0,0,0.117214607,0.088449149,0,0.088449149,0,0.088449149,0,0,0,0.088449149,0,0,0,0,0.007175602,0,0,0,0,0,0,0,0,0,0.088449149,0,0,0.007175602,0,0.035459426,0,0,0.022911477,0,0.088449149,0.141003298,0,0,0.007175602,0.141003298,0,0,0.022911477,0.088449149,0,0.022911477,0,0,0.022911477,0,0,0,0,0.022911477,0,0,0,0.022911477,0,0,0,0,0,0,0,0,0.022911477,0,0,0,0,0,0,0,0.012011927,0,0,0,0,0.022911477,0,0,0,0,0,0.022911477,0,0,0,0,0,0.022911477,0,0,0,0,0,0,0,0.022911477,0,0,0,0,0,0.022911477,0,0,0.022911477,0,0,0,0
hei,0,0,0,0,0,0.045445481,0,0,0,0.045445481,0,0,0,0,0,0,0,0,0,0,0,0.045445481,0,0,0,0,0,0,0,0.045445481,0,0,0,0,0,0,0,0,0,0,0,0,0,0,0,0,0,0,0,0,0,0,0,0,0,0,0,0,0,0,0,0,0,0,0,1.310608544,0,0,0,0,0,0,0,0,0,0,0,0,0,0,0,0,0,0,0.045445481,0,0,0,0,0,0,0,0,0,0,0,0,0.045445481,0,0,0,0,0,0,0,0,0,0,0.045445481,0,0,0,0,0,0,0,0,0,0,0,0,0,0,0,0,0,0,0,0,0,0,0,0,0,0,0,0,0,0,0,0,0,0,0,0,0,0,0,0,0,0,0,0,0,0,0,0,0,0,0,0,0,0,0,0,0,0,0,0,0,0,0,0,0,0,0,0,0,0,0,0,0,0
hows the day ,0,0,0,0,0,0,0,0,0,0,0,0,0,0,0,0,0,0,0,0,0,0,0,0,0,0,0,0,0,0,0,0,0,0,0,0,0,0.008777947,0,0,0,0,0,0,0,0,0,0,0,0,0,0,0,0,0,0,0.158463343,0,0,0,0,0,0,0,0,0,0.178645209,0.158463343,0.302448126,0.178645209,0,0,0,0,0,0,0,0,0,0,0,0,0,0,0,0,0,0,0,0,0,0,0.178645209,0,0,0,0,0,0,0,0,0,0,0,0,0,0,0,0,0,0,0,0,0,0,0,0,0,0,0,0,0,0,0,0,0,0,0,0,0,0,0,0,0,0,0,0,0,0,0,0,0,0,0,0.008777947,0,0,0,0,0,0,0,0,0,0,0,0,0,0,0,0,0,0,0,0,0,0,0,0,0,0,0,0,0,0,0,0,0,0,0,0.158463343,0,0
how are you ,0,0,0,0,0,0,0,0.140044486,0,0,0,0,0,0,0,0,0,0.185589795,0.140044486,0,0,0,0,0,0,0,0,0,0,0,0,0,0,0.185589795,0.140044486,0,0,0.009509442,0,0,0,0.140044486,0,0,0,0,0,0,0,0,0,0,0,0.140044486,0,0,0,0,0,0,0,0,0.185589795,0.140044486,0,0,0.19353231,0,0,0.19353231,0.185589795,0.140044486,0,0.140044486,0,0.140044486,0,0,0,0.140044486,0,0,0,0,0,0,0,0,0,0,0,0,0.19353231,0,0.140044486,0,0,0,0,0,0,0,0,0,0.140044486,0,0,0,0,0,0,0,0,0.140044486,0,0,0,0,0,0,0,0,0,0,0,0,0,0,0,0,0,0,0,0,0,0,0,0,0,0,0,0,0,0,0.009509442,0,0,0,0,0,0,0,0,0,0,0,0,0,0,0,0,0,0,0,0,0,0,0,0,0,0,0,0,0,0,0,0,0,0,0,0,0,0
thank you,0,0,0,0,0,0,0,0.186725982,0,0,0,0,0,0,0,0,0,0,0.186725982,0,0,0,0,0,0,0,0,0,0,0,0,0,0,0,0.186725982,0,0,0.012679256,0,0,0,0.186725982,0,0,0,0,0,0,0,0,0,0,0,0.186725982,0,0,0,0,0,0,0,0,0,0.186725982,0,0,0,0,0,0,0,0.186725982,0.436869515,0.186725982,0,0.186725982,0,0,0,0.186725982,0,0,0,0,0,0,0,0,0,0,0,0,0,0,0.186725982,0,0,0,0,0,0,0,0,0,0.186725982,0,0,0,0,0,0,0,0,0.186725982,0,0,0,0,0,0,0,0,0,0,0,0,0,0,0,0,0,0,0,0,0,0,0,0,0,0,0,0,0,0,0.012679256,0,0,0,0,0,0,0,0,0,0,0,0,0,0,0,0,0,0,0,0,0,0,0,0,0,0,0,0,0,0,0,0,0,0,0,0,0,0
can you help me,0,0,0,0,0.154825848,0,0,0.112035589,0,0,0,0,0,0,0,0,0,0,0.112035589,0,0,0,0,0,0,0,0,0,0,0,0,0,0,0,0.112035589,0,0.127794841,0.007607554,0,0,0,0.112035589,0,0,0,0,0,0,0,0,0,0,0,0.112035589,0,0,0,0,0,0,0,0,0,0.112035589,0,0,0,0,0,0,0,0.112035589,0,0.112035589,0.154825848,0.112035589,0.235090702,0.127794841,0.154825848,0.112035589,0,0.127794841,0,0,0,0,0,0,0,0,0,0,0,0,0.112035589,0,0,0,0,0,0,0,0,0.154825848,0.112035589,0,0,0,0,0,0,0,0,0.112035589,0,0,0,0,0,0,0,0,0,0,0,0,0,0,0,0,0,0,0,0,0,0,0,0,0,0,0,0,0,0,0.007607554,0,0,0,0,0,0,0,0,0,0,0,0,0,0,0,0,0,0,0,0,0,0,0,0,0,0,0,0,0,0,0,0,0,0,0,0,0,0
can you give me some advice,0,0,0,0,0.08601436,0.010098996,0,0.062241994,0,0.010098996,0,0,0,0,0,0,0,0,0.062241994,0,0,0.010098996,0,0,0,0,0,0,0,0.010098996,0,0,0,0,0.062241994,0,0.141994268,0.008452838,0,0,0,0.062241994,0,0,0,0,0,0,0,0,0,0,0,0.062241994,0,0,0,0,0,0,0,0,0,0.062241994,0,0,0,0,0,0,0,0.062241994,0,0.062241994,0.08601436,0.062241994,0,0.141994268,0.08601436,0.062241994,0.145623172,0.141994268,0.119951054,0.145623172,0.010098996,0,0,0,0,0,0,0,0,0,0.062241994,0,0,0.010098996,0,0,0,0,0,0.08601436,0.062241994,0,0,0,0.010098996,0,0,0,0,0.062241994,0,0,0,0,0,0,0,0,0,0,0,0,0,0,0,0,0,0,0,0,0,0,0,0,0,0,0,0,0,0,0.008452838,0,0,0,0,0,0,0,0,0,0,0,0,0,0,0,0,0,0,0,0,0,0,0,0,0,0,0,0,0,0,0,0,0,0,0,0,0,0
i really want to know about this topic,0,0.058607304,0,0,0,0.010763403,0,0,0,0.010763403,0.092798961,0.104521868,0.079356182,0.056317531,0,0,0,0,0,0,0,0.010763403,0.092798961,0,0.104521868,0.079356182,0.056317531,0.08522838,0.079356182,0.010763403,0,0,0,0,0,0,0,0.009008945,0,0,0,0,0,0,0,0.016736546,0,0,0,0,0,0,0,0,0,0,0,0,0,0,0,0,0,0,0,0,0,0,0,0,0,0,0,0,0,0,0,0,0,0,0,0,0,0,0.010763403,0.092798961,0.092798961,0.104521868,0.079356182,0.056317531,0.08522838,0.079356182,0,0,0,0,0,0.010763403,0,0,0.08522838,0.079356182,0,0,0,0,0,0,0.010763403,0,0,0,0,0,0,0,0.016736546,0,0,0.016736546,0,0,0,0,0.016736546,0,0,0,0.016736546,0,0,0,0,0,0.016736546,0,0,0,0,0,0,0,0,0,0.009008945,0,0.079356182,0,0,0,0,0,0,0,0,0,0,0,0,0,0,0,0,0,0.079356182,0.056317531,0,0,0,0,0.016736546,0,0,0,0,0,0.016736546,0,0,0.016736546,0,0,0
how would you describe yourself,0,0,0,0,0,0.00439795,0,0.108421538,0,0.00439795,0,0,0,0,0,0,0,0,0.108421538,0,0,0.00439795,0,0,0,0,0,0,0,0.00439795,0,0,0,0,0.108421538,0,0,0,0,0,0,0.108421538,0,0,0,0,0.104473498,0,0,0,0,0,0,0.108421538,0,0,0,0,0,0.104473498,0,0,0,0.108421538,0,0,0.074915733,0,0,0.074915733,0,0.108421538,0,0.108421538,0,0.108421538,0,0,0,0.108421538,0,0,0,0,0.00439795,0,0,0,0,0,0,0,0.074915733,0.126833085,0.108421538,0.126833085,0.126833085,0.00439795,0,0,0,0,0,0,0.108421538,0,0,0,0.00439795,0,0,0,0,0.108421538,0,0,0,0,0,0,0,0,0,0,0,0,0,0,0,0,0,0,0,0,0,0,0,0,0,0,0,0,0,0,0,0,0,0,0,0,0,0,0,0,0,0,0,0,0,0,0,0,0,0,0,0,0,0,0,0,0,0,0,0,0,0,0,0,0,0,0,0,0
i stuck in this topic,0,0.106051311,0,0,0,0.025968846,0,0,0,0.025968846,0,0.094567404,0,0,0,0,0,0,0,0,0,0.025968846,0,0,0.094567404,0,0,0.154222783,0.1435969,0.025968846,0,0,0,0,0,0,0,0,0,0,0,0,0,0,0,0.030285179,0,0,0,0,0,0,0,0,0,0,0,0,0,0,0,0,0,0,0,0,0,0,0,0,0,0,0,0,0,0,0,0,0,0,0,0,0,0,0.025968846,0,0,0.094567404,0,0,0.154222783,0.1435969,0,0,0,0,0,0.025968846,0.187229792,0.032082338,0.154222783,0.1435969,0,0,0,0,0,0,0.025968846,0,0,0,0,0,0,0,0.030285179,0,0,0.030285179,0,0,0,0,0.030285179,0,0,0,0.030285179,0,0,0,0,0,0.030285179,0,0,0,0,0,0,0,0,0,0,0,0.1435969,0,0,0,0,0,0,0,0,0,0,0,0,0,0,0,0,0,0,0,0,0,0,0,0.030285179,0,0,0,0,0,0.030285179,0,0,0.030285179,0,0,0
what can you do,0,0,0,0,0.154825848,0,0,0.112035589,0,0,0,0,0,0,0,0,0,0,0.112035589,0,0,0,0,0,0,0,0,0,0,0,0,0,0,0,0.112035589,0,0,0.015215108,0,0,0,0.112035589,0,0,0.029021205,0,0,0,0.029021205,0,0,0,0,0.112035589,0,0,0,0,0,0,0,0.029021205,0,0.112035589,0,0,0,0,0,0,0,0.112035589,0,0.112035589,0.154825848,0.112035589,0,0,0.154825848,0.112035589,0,0,0,0,0,0,0,0,0,0,0,0,0,0,0.112035589,0,0,0,0,0,0,0,0.029021205,0.154825848,0.112035589,0.178604178,0,0,0,0.178604178,0,0,0.029021205,0.112035589,0,0.029021205,0,0,0.029021205,0,0,0,0,0.029021205,0,0,0,0.029021205,0,0,0,0,0,0,0,0,0.029021205,0,0,0,0,0,0,0,0.015215108,0,0,0,0,0.029021205,0,0,0,0,0,0.029021205,0,0,0,0,0,0.029021205,0,0,0,0,0,0,0,0.029021205,0,0,0,0,0,0.029021205,0,0,0.029021205,0,0,0,0
good bye,0,0,0.404834807,0,0,0,0,0,0,0,0,0,0,0,0,0,0,0,0,0.404834807,0,0,0,0,0,0,0,0,0,0,0,0,0,0,0,0,0,0,0,0,0,0,0,0,0,0,0,0,0,0,0,0,0,0,0,0,0,0,0,0,0,0,0,0,0,0,0,0,0,0,0,0,0,0,0,0,0,0,0,0,0,0,0,0,0,0,0,0,0,0,0,0,0,0,0,0,0,0,0,0,0,0,0,0,0,0,0.404834807,0.491478204,0,0,0,0,0,0,0,0,0,0,0,0,0,0,0,0,0,0,0,0,0,0,0,0,0,0,0,0,0,0,0,0,0,0,0,0,0,0,0,0,0,0,0,0,0,0,0,0,0,0,0,0,0,0,0,0,0,0,0,0,0,0,0,0,0,0,0,0,0,0,0,0,0,0,0
i do not understand what you convey,0,0,0,0,0,0.003895327,0,0.048015252,0,0.003895327,0,0,0,0,0,0,0,0,0.048015252,0,0,0.003895327,0,0,0,0,0,0,0,0.003895327,0,0,0,0,0.048015252,0,0,0.00652076,0,0,0,0.048015252,0,0,0.012437659,0,0,0,0.012437659,0,0,0,0,0.048015252,0,0,0,0,0,0,0,0.012437659,0,0.048015252,0,0,0,0,0,0,0,0.048015252,0,0.048015252,0,0.048015252,0,0,0,0.048015252,0,0,0,0,0.003895327,0,0,0,0,0,0,0,0,0,0.048015252,0,0,0.003895327,0,0,0,0,0.012437659,0,0.048015252,0.076544648,0,0,0.003895327,0.076544648,0.112337875,0.100753158,0.012437659,0.048015252,0.112337875,0.012437659,0,0,0.012437659,0,0,0,0,0.012437659,0,0,0,0.012437659,0,0,0,0,0,0,0,0,0.012437659,0,0,0,0,0,0,0,0.00652076,0,0,0,0,0.012437659,0,0,0,0,0,0.012437659,0,0,0,0,0,0.012437659,0,0,0,0,0,0,0,0.012437659,0,0,0,0,0,0.012437659,0,0,0.012437659,0,0,0,0
what is nlp,0,0,0,0,0,0.012394222,0,0,0,0.012394222,0,0,0,0,0,0,0,0,0,0,0,0.012394222,0,0,0,0,0,0,0,0.012394222,0,0,0,0,0,0,0,0.010373937,0,0,0,0,0,0,0.03957437,0.057817161,0,0,0.03957437,0,0,0,0,0,0,0,0,0,0,0,0,0.03957437,0,0,0,0,0,0,0,0,0,0,0,0,0,0,0,0,0,0,0,0,0,0,0.012394222,0,0,0,0,0,0,0,0,0,0,0,0,0.012394222,0,0,0,0,0.03957437,0,0,0,0,0,0.012394222,0,0,0,0.03957437,0,0,0.03957437,0.057817161,0.139448215,0.03957437,0.057817161,0,0,0,0.03957437,0.057817161,0,0,0.03957437,0.057817161,0,0,0,0,0.139448215,0.057817161,0,0.03957437,0,0,0,0,0,0.139448215,0,0.010373937,0,0,0,0,0.03957437,0,0,0,0,0,0.03957437,0,0,0,0,0,0.03957437,0,0,0,0,0,0,0,0.03957437,0.057817161,0,0,0,0,0.03957437,0.057817161,0,0.03957437,0.057817161,0,0,0
what is natural language processing,0,0,0,0,0,0.007790654,0,0,0,0.007790654,0,0,0,0,0,0,0,0,0,0,0,0.007790654,0,0,0,0,0,0,0,0.007790654,0,0,0,0,0,0,0,0.016301901,0,0,0,0,0,0,0.012437659,0.018171108,0,0,0.012437659,0,0,0,0,0,0,0,0,0,0,0,0,0.012437659,0,0,0,0,0,0,0,0,0,0,0,0,0,0,0,0,0,0,0,0,0,0,0.007790654,0,0,0,0,0,0,0,0,0,0,0,0,0.007790654,0,0.019249403,0,0,0.012437659,0,0,0,0,0,0.007790654,0,0,0,0.012437659,0,0,0.012437659,0.018171108,0,0.012437659,0.018171108,0.043826582,0.054769217,0.045155725,0.012437659,0.018171108,0.054769217,0.045155725,0.012437659,0.018171108,0,0,0,0,0,0.018171108,0,0.012437659,0,0,0,0,0,0,0,0.016301901,0,0,0,0,0.012437659,0,0.043826582,0.054769217,0.045155725,0,0.012437659,0,0.043826582,0.054769217,0.045155725,0,0.012437659,0,0,0,0,0.043826582,0.054769217,0.045155725,0.012437659,0.018171108,0.043826582,0.054769217,0.045155725,0,0.012437659,0.018171108,0,0.012437659,0.018171108,0,0,0
what is language processing,0,0,0,0,0,0.010098996,0,0,0,0.010098996,0,0,0,0,0,0,0,0,0,0,0,0.010098996,0,0,0,0,0,0,0,0.010098996,0,0,0,0,0,0,0,0.012679256,0,0,0,0,0,0,0.016122892,0.02355514,0,0,0.016122892,0,0,0,0,0,0,0,0,0,0,0,0,0.016122892,0,0,0,0,0,0,0,0,0,0,0,0,0,0,0,0,0,0,0,0,0,0,0.010098996,0,0,0,0,0,0,0,0,0,0,0,0,0.010098996,0,0.024952929,0,0,0.016122892,0,0,0,0,0,0.010098996,0,0,0,0.016122892,0,0,0.016122892,0.02355514,0,0.016122892,0.02355514,0,0.070997134,0.058535199,0.016122892,0.02355514,0.070997134,0.058535199,0.016122892,0.02355514,0,0,0,0,0,0.02355514,0,0.016122892,0,0,0,0,0,0,0,0.012679256,0,0,0,0,0.016122892,0,0,0.070997134,0.058535199,0,0.016122892,0,0,0.070997134,0.058535199,0,0.016122892,0,0,0,0,0,0.070997134,0.058535199,0.016122892,0.02355514,0,0.070997134,0.058535199,0,0.016122892,0.02355514,0,0.016122892,0.02355514,0,0,0
what is named entity recognition,0,0,0,0,0,0.017042055,0,0,0,0.017042055,0,0,0,0,0,0,0,0,0,0,0,0.017042055,0,0,0,0,0,0,0,0.017042055,0,0,0,0,0,0,0.059903832,0.007132082,0,0,0,0,0,0,0.01360369,0.019874649,0,0,0.01360369,0,0,0,0,0,0,0,0,0,0,0,0,0.01360369,0,0,0,0,0,0,0,0,0,0,0,0,0,0,0,0.059903832,0,0,0,0.059903832,0,0,0.017042055,0,0,0,0,0,0,0,0,0,0,0,0,0.017042055,0,0,0,0,0.01360369,0,0,0,0,0,0.017042055,0,0,0,0.01360369,0,0,0.01360369,0.019874649,0,0.01360369,0.019874649,0,0,0,0.01360369,0.019874649,0,0,0.01360369,0.019874649,0.122869551,0.122869551,0.122869551,0,0,0.019874649,0,0.01360369,0,0,0,0,0,0,0,0.007132082,0,0,0,0,0.01360369,0,0,0,0,0,0.01360369,0,0,0,0,0,0.01360369,0,0,0,0,0,0,0,0.01360369,0.019874649,0,0,0,0,0.01360369,0.019874649,0,0.01360369,0.019874649,0,0,0
why nlp is needed,0,0,0,0,0,0.008019791,0,0,0,0.008019791,0,0,0,0,0,0,0,0,0,0,0,0.008019791,0,0,0,0,0,0,0,0.008019791,0,0,0,0,0,0,0,0,0,0,0,0,0,0,0,0.037411104,0,0,0,0,0,0,0,0,0,0,0,0,0,0,0,0,0,0,0,0,0,0,0,0,0,0,0,0,0,0,0,0,0,0,0,0,0,0,0.008019791,0,0,0,0,0,0,0,0,0,0,0,0,0.008019791,0,0,0,0,0,0,0,0,0,0,0.008019791,0,0,0,0,0,0,0,0.037411104,0.090231198,0,0.037411104,0,0,0,0,0.037411104,0,0,0,0.037411104,0,0,0,0.231283861,0.090231198,0.037411104,0.231283861,0,0,0,0,0,0,0.090231198,0,0,0,0,0,0,0,0,0,0,0,0,0,0,0,0,0,0,0,0,0,0,0,0,0,0,0,0.037411104,0,0,0,0,0,0.037411104,0,0,0.037411104,0,0,0
what kind of situation that makes nlp become a famous topic for research,0,0,0,0,0,0.007574247,0,0,0,0.007574247,0,0.027582159,0,0,0,0,0,0,0,0,0,0.007574247,0,0,0.027582159,0,0,0,0.041882429,0.007574247,0,0,0,0,0,0,0.026623925,0.011094349,0,0,0,0,0,0,0.006046084,0,0,0,0.006046084,0.04897723,0.027582159,0,0,0,0,0,0,0,0.027582159,0,0,0.006046084,0,0,0,0,0,0,0,0,0,0,0,0,0,0,0,0.026623925,0,0,0,0.026623925,0,0,0.007574247,0,0,0.027582159,0,0,0,0.041882429,0,0,0,0,0,0.007574247,0,0.009357349,0,0.041882429,0.006046084,0,0,0,0,0,0.007574247,0,0,0,0.006046084,0,0,0.006046084,0,0.021304588,0.006046084,0,0,0,0,0.006046084,0,0,0,0.006046084,0,0,0,0,0,0.021304588,0,0,0.006046084,0.04897723,0.027582159,0.054608689,0.04897723,0.04897723,0.021304588,0.054608689,0.011094349,0.054608689,0.041882429,0.032255385,0.04897723,0.006046084,0,0,0,0,0,0.006046084,0.04897723,0,0,0,0,0.006046084,0,0,0,0,0,0,0,0.006046084,0,0,0,0,0,0.006046084,0,0,0.006046084,0,0,0,0
what does natural language processing include,0,0,0,0,0,0.006059397,0,0,0,0.006059397,0,0,0,0,0,0,0,0,0,0,0,0.006059397,0,0,0,0,0,0,0,0.006059397,0,0,0,0,0,0,0,0.012679256,0,0,0,0,0,0,0.009673735,0,0,0,0.009673735,0,0,0,0,0,0,0,0,0,0,0,0,0.009673735,0,0,0,0,0,0,0,0,0,0,0,0,0,0,0,0,0,0,0,0,0,0,0.006059397,0,0,0,0,0,0,0,0,0,0,0,0,0.006059397,0,0.029943515,0,0,0.009673735,0,0,0.059534726,0,0,0.006059397,0.059534726,0,0,0.009673735,0,0,0.009673735,0,0,0.009673735,0,0.034087341,0.04259828,0.035121119,0.009673735,0,0.04259828,0.035121119,0.009673735,0,0,0,0,0,0,0,0,0.009673735,0,0,0,0,0,0,0,0.012679256,0,0,0,0,0.009673735,0.078363567,0.034087341,0.04259828,0.035121119,0.087373903,0.009673735,0,0.034087341,0.04259828,0.035121119,0,0.009673735,0,0,0,0,0.034087341,0.04259828,0.035121119,0.009673735,0,0.034087341,0.04259828,0.035121119,0,0.009673735,0,0,0.009673735,0,0,0,0
what makes natural language processing difficult,0,0,0,0,0,0.008521028,0,0,0,0.008521028,0,0,0,0,0,0,0,0,0,0,0,0.008521028,0,0,0,0,0,0,0,0.008521028,0,0,0,0,0,0,0,0.014264163,0,0,0,0,0,0,0.009069126,0,0,0,0.009069126,0,0,0,0,0,0,0,0,0,0,0,0,0.009069126,0,0,0,0,0,0,0,0,0,0,0,0,0,0,0,0,0,0,0,0,0,0,0.008521028,0,0,0,0,0,0,0,0,0,0,0,0,0.008521028,0,0.014036023,0,0,0.009069126,0,0,0,0,0,0.008521028,0,0,0,0.009069126,0,0,0.009069126,0,0,0.009069126,0,0.031956882,0.039935888,0.032926049,0.009069126,0,0.039935888,0.032926049,0.009069126,0,0,0,0,0,0,0,0,0.009069126,0,0,0,0,0.073465844,0,0,0.014264163,0,0,0,0,0.009069126,0,0.031956882,0.039935888,0.032926049,0,0.009069126,0.073465844,0.031956882,0.039935888,0.032926049,0.081913034,0.009069126,0,0,0,0,0.031956882,0.039935888,0.032926049,0.009069126,0,0.031956882,0.039935888,0.032926049,0,0.009069126,0,0,0.009069126,0,0,0,0
what should everyone know about natural language processing,0,0,0,0,0,0.002310787,0,0,0,0.002310787,0,0,0.051110761,0.036272308,0,0,0,0,0,0,0,0.002310787,0,0,0,0.051110761,0.036272308,0,0,0.002310787,0,0,0,0,0,0,0,0.011604743,0,0,0,0,0,0,0.007378272,0,0,0,0.007378272,0,0,0,0,0,0.059768822,0,0,0,0,0,0,0.007378272,0,0,0,0,0,0,0,0,0,0,0,0,0,0,0,0,0,0,0,0,0,0,0.002310787,0,0,0,0.051110761,0.036272308,0,0,0,0,0,0,0,0.002310787,0,0.011419137,0,0,0.007378272,0,0,0,0,0,0.002310787,0,0,0,0.007378272,0,0,0.007378272,0,0,0.007378272,0,0.02599882,0.032490214,0.026787295,0.007378272,0,0.032490214,0.026787295,0.007378272,0,0,0,0,0,0,0,0,0.007378272,0,0,0,0,0,0,0,0.011604743,0,0,0,0,0.007378272,0,0.02599882,0.032490214,0.026787295,0,0.007378272,0,0.02599882,0.032490214,0.026787295,0,0.007378272,0.066641112,0.066641112,0.051110761,0.036272308,0.02599882,0.032490214,0.026787295,0.007378272,0,0.02599882,0.032490214,0.026787295,0,0.007378272,0,0,0.007378272,0,0,0,0
what is natural language processing pipeline,0,0,0,0,0,0.012394222,0,0,0,0.012394222,0,0,0,0,0,0,0,0,0,0,0,0.012394222,0,0,0,0,0,0,0,0.012394222,0,0,0,0,0,0,0,0.012967421,0,0,0,0,0,0,0.009893593,0.01445429,0,0,0.009893593,0,0,0,0,0,0,0,0,0,0,0,0,0.009893593,0,0,0,0,0,0,0,0,0,0,0,0,0,0,0,0,0,0,0,0,0,0,0.012394222,0,0,0,0,0,0,0,0,0,0,0,0,0.012394222,0,0.03062405,0,0,0.009893593,0,0,0,0,0,0.012394222,0,0,0,0.009893593,0,0,0.009893593,0.01445429,0,0.009893593,0.01445429,0.034862054,0.043566423,0.035919327,0.009893593,0.01445429,0.043566423,0.035919327,0.009893593,0.01445429,0,0,0,0,0,0.01445429,0,0.009893593,0,0,0,0,0,0,0,0.012967421,0,0,0,0,0.009893593,0,0.034862054,0.043566423,0.035919327,0,0.009893593,0,0.034862054,0.043566423,0.035919327,0,0.009893593,0,0,0,0,0.034862054,0.043566423,0.035919327,0.009893593,0.01445429,0.034862054,0.043566423,0.035919327,0.089359673,0.009893593,0.01445429,0,0.009893593,0.01445429,0,0,0
what is lemmatization,0,0,0,0,0,0.019476635,0,0,0,0.019476635,0,0,0,0,0,0,0,0,0,0,0,0.019476635,0,0,0,0,0,0,0,0.019476635,0,0,0,0,0,0,0,0.016301901,0,0,0,0,0,0,0.020729432,0.030285179,0,0,0.020729432,0,0,0,0,0,0,0,0,0,0,0,0,0.020729432,0,0,0,0,0,0,0,0,0,0,0,0,0,0,0,0,0,0,0,0,0,0,0.019476635,0,0,0,0,0,0,0,0,0,0,0,0,0.019476635,0,0,0,0,0.020729432,0,0,0,0,0,0.019476635,0,0,0,0.020729432,0,0,0.020729432,0.030285179,0,0.020729432,0.030285179,0,0,0,0.020729432,0.030285179,0,0,0.020729432,0.030285179,0,0,0,0,0,0.030285179,0,0.020729432,0,0,0,0,0,0,0,0.016301901,0,0,0,0,0.020729432,0,0,0,0,0,0.020729432,0,0,0,0,0,0.020729432,0,0,0,0,0,0,0,0.020729432,0.030285179,0,0,0,0,0.020729432,0.030285179,0.16792193,0.020729432,0.030285179,0,0,0
what is the difference between lemmatization and stemming,0,0,0,0,0,0.011959337,0,0,0,0.011959337,0,0,0,0,0,0,0,0,0,0,0,0.011959337,0,0,0,0,0,0,0,0.011959337,0,0,0,0,0,0,0,0.008007951,0,0,0,0,0,0,0.007637159,0.011157698,0,0,0.007637159,0,0,0,0,0,0,0,0.036140762,0,0,0,0,0.007637159,0,0,0,0,0,0.036140762,0,0,0,0,0,0,0,0,0,0,0,0,0,0,0,0,0.011959337,0,0,0,0,0,0,0,0,0,0,0,0,0.011959337,0,0.011819809,0,0,0.007637159,0,0,0,0,0,0.011959337,0,0,0,0.007637159,0,0,0.007637159,0.011157698,0,0.007637159,0.011157698,0,0,0,0.007637159,0.011157698,0,0,0.007637159,0.011157698,0,0,0,0,0,0.011157698,0,0.007637159,0,0,0,0,0,0,0,0.008007951,0,0,0,0,0.007637159,0,0,0,0,0,0.007637159,0,0,0,0,0,0.007637159,0,0,0,0,0,0,0,0.007637159,0.011157698,0,0,0,0,0.007637159,0.011157698,0.061865974,0.007637159,0.011157698,0.036140762,0.061865974,0.061865974
what is tfidf,0,0,0,0,0,0.020974837,0,0,0,0.020974837,0,0,0,0,0,0,0,0,0,0,0,0.020974837,0,0,0,0,0,0,0,0.020974837,0,0,0,0,0,0,0,0.008777947,0,0,0,0,0,0,0.033486005,0.048922213,0,0,0.033486005,0,0,0,0,0,0,0,0,0,0,0,0,0.033486005,0,0,0,0,0,0,0,0,0,0,0,0,0,0,0,0,0,0,0,0,0,0,0.020974837,0,0,0,0,0,0,0,0,0,0,0,0,0.020974837,0,0,0,0,0.033486005,0,0,0,0,0,0.020974837,0,0,0,0.033486005,0,0,0.033486005,0.048922213,0,0.033486005,0.048922213,0,0,0,0.033486005,0.048922213,0,0,0.033486005,0.048922213,0,0,0,0,0,0.048922213,0,0.033486005,0,0,0,0,0,0,0,0.008777947,0,0,0,0,0.033486005,0,0,0,0,0,0.033486005,0,0,0,0,0,0.033486005,0,0,0,0,0,0,0,0.033486005,0.048922213,0,0,0,0,0.033486005,0.048922213,0,0.033486005,0.048922213,0,0,0
what is naive bayes,0,0,0,0,0,0.014351205,0,0,0,0.014351205,0,0,0,0,0,0,0,0,0,0,0,0.014351205,0,0,0,0,0,0,0,0.014351205,0,0,0,0,0,0,0,0.018017891,0,0,0,0,0,0,0.022911477,0.033473093,0,0,0.022911477,0,0,0,0,0,0,0,0,0,0,0,0,0.022911477,0,0,0,0,0,0,0,0,0,0,0,0,0,0,0,0,0,0,0,0,0,0,0.014351205,0,0,0,0,0,0,0,0,0,0,0,0,0.014351205,0,0,0,0,0.022911477,0,0,0,0,0,0.014351205,0,0,0,0.022911477,0,0,0.022911477,0.033473093,0,0.022911477,0.033473093,0,0,0,0.022911477,0.033473093,0,0,0.022911477,0.033473093,0,0,0,0,0,0.033473093,0,0.022911477,0,0,0,0,0,0,0,0.018017891,0,0,0,0,0.022911477,0,0,0,0,0,0.022911477,0,0,0,0,0,0.022911477,0,0,0,0,0,0,0,0.022911477,0.033473093,0,0,0,0,0.022911477,0.033473093,0,0.022911477,0.033473093,0,0,0
what is hidden markov model,0,0.082484353,0,0,0,0.010098996,0,0,0,0.010098996,0,0,0,0,0,0,0,0,0,0,0,0.010098996,0,0,0,0,0,0,0,0.010098996,0,0,0,0,0,0,0,0.008452838,0,0,0,0,0,0,0.016122892,0.02355514,0,0,0.016122892,0,0,0,0,0,0,0,0,0,0,0,0,0.016122892,0,0,0,0,0,0,0,0,0,0,0,0,0,0,0,0,0,0,0,0,0,0,0.010098996,0,0,0,0,0,0,0,0,0,0,0,0,0.010098996,0,0,0,0,0.016122892,0,0,0,0,0,0.010098996,0,0,0,0.016122892,0,0,0.016122892,0.02355514,0,0.016122892,0.02355514,0,0,0,0.016122892,0.02355514,0,0,0.016122892,0.02355514,0,0,0,0,0,0.02355514,0,0.016122892,0,0,0,0,0,0,0,0.008452838,0,0,0,0,0.016122892,0,0,0,0,0,0.016122892,0,0,0,0,0,0.016122892,0,0,0,0,0,0,0,0.016122892,0.02355514,0,0,0,0,0.016122892,0.02355514,0,0.016122892,0.02355514,0,0,0
what is hmm,0,0,0,0,0,0.012394222,0,0,0,0.012394222,0,0,0,0,0,0,0,0,0,0,0,0.012394222,0,0,0,0,0,0,0,0.012394222,0,0,0,0,0,0,0,0.010373937,0,0,0,0,0,0,0.03957437,0.057817161,0,0,0.03957437,0,0,0,0,0,0,0,0,0,0,0,0,0.03957437,0,0,0,0,0,0,0,0,0,0,0,0,0,0,0,0,0,0,0,0,0,0,0.012394222,0,0,0,0,0,0,0,0,0,0,0,0,0.012394222,0,0,0,0,0.03957437,0,0,0,0,0,0.012394222,0,0,0,0.03957437,0,0,0.03957437,0.057817161,0,0.03957437,0.057817161,0,0,0,0.03957437,0.057817161,0,0,0.03957437,0.057817161,0,0,0,0,0,0.057817161,0,0.03957437,0,0,0,0,0,0,0,0.010373937,0,0,0,0,0.03957437,0,0,0,0,0,0.03957437,0,0,0,0,0,0.03957437,0,0,0,0,0,0,0,0.03957437,0.057817161,0,0,0,0,0.03957437,0.057817161,0,0.03957437,0.057817161,0,0,0
what is cosine similarity measure,0,0,0,0,0,0.020657037,0,0,0,0.020657037,0,0,0,0,0,0,0,0,0,0,0,0.020657037,0,0,0,0,0,0,0,0.020657037,0,0,0,0,0,0,0.058088564,0.010373937,0,0,0,0,0,0,0.013191457,0.019272387,0,0,0.013191457,0,0,0,0,0,0,0,0,0,0,0,0,0.013191457,0,0,0,0,0,0,0,0,0,0,0,0,0,0,0,0.058088564,0,0,0,0.058088564,0,0,0.020657037,0,0,0,0,0,0,0,0,0,0,0,0,0.020657037,0,0.020416033,0,0,0.013191457,0,0,0,0,0,0.020657037,0,0,0,0.013191457,0,0,0.013191457,0.019272387,0,0.013191457,0.019272387,0,0,0,0.013191457,0.019272387,0,0,0.013191457,0.019272387,0,0,0,0,0,0.019272387,0,0.013191457,0,0,0,0,0,0,0,0.010373937,0,0,0,0,0.013191457,0,0,0,0,0,0.013191457,0,0,0,0,0,0.013191457,0,0,0,0,0,0,0,0.013191457,0.019272387,0,0,0,0,0.013191457,0.019272387,0,0.013191457,0.019272387,0,0,0
what is nltk,0,0,0,0,0,0.01136137,0,0,0,0.01136137,0,0,0,0,0,0,0,0,0,0,0,0.01136137,0,0,0,0,0,0,0,0.01136137,0,0,0,0,0,0,0,0.009509442,0,0,0,0,0,0,0.036276506,0.052999064,0,0,0.036276506,0,0,0,0,0,0,0,0,0,0,0,0,0.036276506,0,0,0,0,0,0,0,0,0,0,0,0,0,0,0,0,0,0,0,0,0,0,0.01136137,0,0,0,0,0,0,0,0,0,0,0,0,0.01136137,0,0,0,0,0.036276506,0,0,0,0,0,0.01136137,0,0,0,0.036276506,0,0,0.036276506,0.052999064,0,0.036276506,0.052999064,0,0,0,0.036276506,0.052999064,0,0,0.036276506,0.052999064,0,0,0,0,0,0.052999064,0,0.036276506,0,0,0,0,0,0,0,0.009509442,0,0,0,0,0.036276506,0,0,0,0,0,0.036276506,0,0,0,0,0,0.036276506,0,0,0,0,0,0,0,0.036276506,0.052999064,0,0,0,0,0.036276506,0.052999064,0,0.036276506,0.052999064,0,0,0
what is jaccard coefficient,0,0,0,0,0,0.015148494,0,0,0,0.015148494,0,0,0,0,0,0,0,0,0,0,0,0.015148494,0,0,0,0,0,0,0,0.015148494,0,0,0,0,0,0,0,0.012679256,0,0,0,0,0,0,0.016122892,0.02355514,0,0,0.016122892,0,0,0,0,0,0,0,0,0,0,0,0,0.016122892,0,0,0,0,0,0,0,0,0,0,0,0,0,0,0,0,0,0,0,0,0,0,0.015148494,0,0,0,0,0,0,0,0,0,0,0,0,0.015148494,0,0,0,0,0.016122892,0,0,0,0,0,0.015148494,0,0,0,0.016122892,0,0,0.016122892,0.02355514,0,0.016122892,0.02355514,0,0,0,0.016122892,0.02355514,0,0,0.016122892,0.02355514,0,0,0,0,0,0.02355514,0,0.016122892,0,0,0,0,0,0,0,0.012679256,0,0,0,0,0.016122892,0,0,0,0,0,0.016122892,0,0,0,0,0,0.016122892,0,0,0,0,0,0,0,0.016122892,0.02355514,0,0,0,0,0.016122892,0.02355514,0,0.016122892,0.02355514,0,0,0
what is wordnet,0,0,0,0,0,0.009089096,0,0,0,0.009089096,0,0,0,0,0,0,0,0,0,0,0,0.009089096,0,0,0,0,0,0,0,0.009089096,0,0,0,0,0,0,0,0.007607554,0,0,0,0,0,0,0.029021205,0.042399251,0,0,0.029021205,0,0,0,0,0,0,0,0,0,0,0,0,0.029021205,0,0,0,0,0,0,0,0,0,0,0,0,0,0,0,0,0,0,0,0,0,0,0.009089096,0,0,0,0,0,0,0,0,0,0,0,0,0.009089096,0,0,0,0,0.029021205,0,0,0,0,0,0.009089096,0,0,0,0.029021205,0,0,0.029021205,0.042399251,0,0.029021205,0.042399251,0,0,0,0.029021205,0.042399251,0,0,0.029021205,0.042399251,0,0,0,0,0,0.042399251,0,0.029021205,0,0,0,0,0,0,0,0.007607554,0,0,0,0,0.029021205,0,0,0,0,0,0.029021205,0,0,0,0,0,0.029021205,0,0,0,0,0,0,0,0.029021205,0.042399251,0,0,0,0,0.029021205,0.042399251,0,0.029021205,0.042399251,0,0,0
what is natural language processing ,0,0,0,0,0,0.007574247,0,0,0,0.007574247,0,0,0,0,0,0,0,0,0,0,0,0.007574247,0,0,0,0,0,0,0,0.007574247,0,0,0,0,0,0,0,0.01584907,0,0,0,0,0,0,0.012092169,0.017666355,0,0,0.012092169,0,0,0,0,0,0,0,0,0,0,0,0,0.012092169,0,0,0,0,0,0,0,0,0,0,0,0,0,0,0,0,0,0,0,0,0,0,0.007574247,0,0,0,0,0,0,0,0,0,0,0,0,0.007574247,0,0.018714697,0,0,0.012092169,0,0,0,0,0,0.007574247,0,0,0,0.012092169,0,0,0.012092169,0.017666355,0,0.012092169,0.017666355,0.042609177,0.05324785,0.043901399,0.012092169,0.017666355,0.05324785,0.043901399,0.012092169,0.017666355,0,0,0,0,0,0.017666355,0,0.012092169,0,0,0,0,0,0,0,0.01584907,0,0,0,0,0.012092169,0,0.042609177,0.05324785,0.043901399,0,0.012092169,0,0.042609177,0.05324785,0.043901399,0,0.012092169,0,0,0,0,0.042609177,0.05324785,0.043901399,0.012092169,0.017666355,0.042609177,0.05324785,0.043901399,0,0.012092169,0.017666355,0,0.012092169,0.017666355,0,0,0
what is natural language processing used for,0,0,0,0,0,0.006197111,0,0,0,0.006197111,0,0,0,0,0,0,0,0,0,0,0,0.006197111,0,0,0,0,0,0,0,0.006197111,0,0,0,0,0,0,0,0.012967421,0,0,0,0,0,0,0.009893593,0.01445429,0,0,0.009893593,0,0,0,0,0,0,0,0,0,0,0,0,0.009893593,0,0,0,0,0,0,0,0,0,0,0,0,0,0,0,0,0,0,0,0,0,0,0.006197111,0,0,0,0,0,0,0,0,0,0,0,0,0.006197111,0,0.015312025,0,0,0.009893593,0,0,0,0,0,0.006197111,0,0,0,0.009893593,0,0,0.009893593,0.01445429,0,0.009893593,0.01445429,0.034862054,0.043566423,0.035919327,0.009893593,0.01445429,0.043566423,0.035919327,0.009893593,0.01445429,0,0,0,0,0,0.01445429,0,0.009893593,0,0,0,0,0,0,0,0.012967421,0,0,0.052781539,0,0.009893593,0,0.034862054,0.043566423,0.035919327,0,0.009893593,0,0.034862054,0.043566423,0.035919327,0,0.009893593,0,0,0,0,0.034862054,0.043566423,0.035919327,0.009893593,0.01445429,0.034862054,0.043566423,0.035919327,0,0.009893593,0.01445429,0,0.009893593,0.01445429,0,0,0
what are the advantages of natural language processing nlp,0,0,0,0,0,0.002350628,0,0,0,0.002350628,0,0,0,0,0,0,0,0.038397889,0,0,0,0.002350628,0,0,0,0,0,0,0,0.002350628,0,0,0,0.038397889,0,0,0,0.017707237,0,0,0,0,0,0,0.007505484,0,0,0,0.007505484,0,0.034239922,0,0,0,0,0,0.035517646,0,0.034239922,0,0,0.007505484,0.038397889,0,0,0,0,0.035517646,0,0,0.038397889,0,0,0,0,0,0,0,0,0,0,0,0,0,0.002350628,0,0,0,0,0,0,0,0,0,0,0,0,0.002350628,0,0.011616019,0,0,0.007505484,0,0,0,0,0,0.002350628,0,0,0,0.007505484,0,0,0.007505484,0,0.026447075,0.007505484,0,0.026447075,0.03305039,0.027249144,0.007505484,0,0.03305039,0.027249144,0.007505484,0,0,0,0,0,0.026447075,0,0,0.007505484,0,0.034239922,0,0,0,0.026447075,0,0.017707237,0,0,0,0,0.007505484,0,0.026447075,0.03305039,0.027249144,0,0.007505484,0,0.026447075,0.03305039,0.027249144,0,0.007505484,0,0,0,0,0.026447075,0.03305039,0.027249144,0.007505484,0,0.026447075,0.03305039,0.027249144,0,0.007505484,0,0,0.007505484,0,0.035517646,0,0
what goals of natural languange processing nlp,0,0,0,0,0,0.002963836,0,0,0,0.002963836,0,0,0,0,0,0,0,0,0,0,0,0.002963836,0,0,0,0,0,0,0,0.002963836,0,0,0,0,0,0,0,0.014884344,0,0,0,0,0,0,0.009463436,0,0,0,0.009463436,0,0.043172076,0,0,0,0,0,0,0,0.043172076,0,0,0.009463436,0,0,0,0,0,0,0,0,0,0,0,0,0,0,0,0,0,0,0,0,0,0,0.002963836,0,0,0,0,0,0,0,0,0,0,0,0,0.002963836,0,0.014646285,0,0,0.009463436,0,0,0,0,0,0.002963836,0,0,0,0.009463436,0,0,0.009463436,0,0.033346312,0.009463436,0,0.033346312,0,0.034357617,0.009463436,0,0,0.034357617,0.009463436,0,0,0,0,0,0.033346312,0,0,0.009463436,0,0.043172076,0,0,0,0.033346312,0,0.014884344,0,0,0,0,0.009463436,0,0.033346312,0,0.034357617,0,0.009463436,0,0.033346312,0,0.034357617,0,0.009463436,0,0,0,0,0.033346312,0,0.034357617,0.009463436,0,0.033346312,0,0.034357617,0,0.009463436,0,0,0.009463436,0,0,0,0
how about history of natural languange processing nlp development,0,0.034262731,0,0,0,0.004194967,0,0,0,0.004194967,0,0.030552546,0,0.032924095,0,0,0,0,0,0,0,0.004194967,0,0,0.030552546,0,0.032924095,0,0,0.004194967,0,0,0,0,0,0,0.029491117,0.008777947,0,0,0,0,0,0,0,0.009784443,0,0,0,0,0.030552546,0,0,0,0,0,0,0,0.030552546,0,0,0,0,0,0,0,0.035729042,0,0,0.035729042,0,0,0,0,0,0,0,0.029491117,0,0,0,0.029491117,0,0,0.004194967,0,0,0.030552546,0,0.032924095,0,0,0.035729042,0,0,0,0,0.004194967,0,0.010365063,0,0,0,0,0,0,0,0,0.004194967,0,0,0,0,0,0,0,0.009784443,0.023598929,0,0.009784443,0.023598929,0,0.024314621,0,0.009784443,0,0.024314621,0,0.009784443,0,0,0,0,0.023598929,0.009784443,0,0,0,0.030552546,0,0,0,0.023598929,0,0.008777947,0,0,0,0,0,0,0.023598929,0,0.024314621,0,0,0,0.023598929,0,0.024314621,0,0,0,0,0,0.032924095,0.023598929,0,0.024314621,0,0.009784443,0.023598929,0,0.024314621,0,0,0.009784443,0,0,0.009784443,0,0,0
what is difference between natural languange processing nlp and text mining,0,0,0,0,0,0.009089096,0,0,0,0.009089096,0,0,0,0,0,0,0,0,0,0,0,0.009089096,0,0,0,0,0,0,0,0.009089096,0,0,0,0,0,0,0,0.009129065,0,0,0,0,0,0,0.005804241,0.00847985,0,0,0.005804241,0,0,0,0,0,0,0,0,0,0,0,0,0.005804241,0,0,0,0,0,0,0,0,0,0,0,0,0,0,0,0,0,0,0,0,0,0,0.009089096,0,0,0,0,0,0,0,0,0,0,0,0,0.009089096,0,0.026949164,0,0,0.005804241,0,0,0,0,0,0.009089096,0,0,0,0.005804241,0,0,0.005804241,0.00847985,0.020452405,0.005804241,0.00847985,0.020452405,0,0.021072672,0.005804241,0.00847985,0,0.021072672,0.005804241,0.00847985,0,0,0,0,0.020452405,0.00847985,0,0.005804241,0,0,0,0,0,0.020452405,0,0.009129065,0,0,0,0,0.005804241,0,0.020452405,0,0.021072672,0,0.005804241,0,0.020452405,0,0.021072672,0,0.005804241,0,0,0,0,0.020452405,0,0.021072672,0.005804241,0.00847985,0.020452405,0,0.021072672,0,0.005804241,0.00847985,0,0.005804241,0.00847985,0,0.04701814,0.04701814
what is information retrieval ir,0,0,0,0,0,0.021302569,0,0,0,0.021302569,0,0,0,0,0,0,0,0,0,0,0,0.021302569,0,0,0,0,0,0,0,0.021302569,0,0,0,0,0,0,0,0.010698123,0,0,0,0,0,0,0.01360369,0.019874649,0,0,0.01360369,0,0,0.101208702,0,0,0,0,0,0,0,0,0,0.01360369,0,0,0,0,0,0,0,0,0,0,0,0,0,0,0,0,0,0,0,0,0,0,0.021302569,0,0,0,0,0,0,0,0,0,0,0,0,0.021302569,0,0.021054034,0,0,0.01360369,0,0,0,0,0,0.021302569,0,0,0,0.01360369,0,0,0.01360369,0.019874649,0,0.01360369,0.019874649,0,0,0,0.01360369,0.019874649,0,0,0.01360369,0.019874649,0,0,0,0,0,0.019874649,0,0.01360369,0,0,0,0,0,0,0,0.010698123,0,0,0.072574616,0,0.01360369,0,0,0,0,0,0.01360369,0,0,0,0,0,0.01360369,0,0,0,0,0,0,0,0.01360369,0.019874649,0,0,0,0,0.01360369,0.019874649,0,0.01360369,0.019874649,0,0,0
what is automatic question answering qa,0,0,0,0,0,0.013983225,0,0,0,0.013983225,0,0.05092091,0,0,0,0,0,0,0,0,0,0.013983225,0,0,0.05092091,0,0,0,0,0.013983225,0,0,0,0,0,0,0,0.014629911,0,0,0,0,0,0,0.011162002,0.016307404,0,0,0.011162002,0,0,0,0,0,0,0,0,0,0,0,0,0.011162002,0,0,0,0,0,0,0,0,0,0,0,0,0,0,0,0,0,0,0,0,0,0,0.013983225,0,0,0.05092091,0,0,0,0,0,0,0,0,0,0.013983225,0,0.017275105,0,0,0.011162002,0,0,0,0,0,0.013983225,0,0,0,0.011162002,0,0,0.011162002,0.016307404,0,0.011162002,0.016307404,0,0,0,0.011162002,0.016307404,0,0,0.011162002,0.016307404,0,0,0,0,0,0.016307404,0,0.011162002,0,0,0,0,0,0,0,0.014629911,0,0,0,0,0.011162002,0,0,0,0,0,0.011162002,0,0,0,0,0,0.011162002,0,0,0,0,0,0,0,0.011162002,0.016307404,0,0,0,0,0.011162002,0.016307404,0,0.011162002,0.016307404,0,0,0
what is machine translasion,0,0.082484353,0,0,0,0.015148494,0,0,0,0.015148494,0,0,0,0,0,0,0,0,0,0,0,0.015148494,0,0,0,0,0,0,0,0.015148494,0,0,0,0,0,0,0,0.016905675,0,0,0,0,0,0,0.016122892,0.02355514,0,0,0.016122892,0,0,0,0,0,0,0,0,0,0,0,0,0.016122892,0,0,0,0,0,0,0,0,0,0,0,0,0,0,0,0,0,0,0,0,0,0,0.015148494,0,0,0,0,0,0,0,0,0,0,0,0,0.015148494,0,0.024952929,0,0,0.016122892,0,0,0,0,0,0.015148494,0,0,0,0.016122892,0,0,0.016122892,0.02355514,0,0.016122892,0.02355514,0,0,0,0.016122892,0.02355514,0,0,0.016122892,0.02355514,0,0,0,0,0,0.02355514,0,0.016122892,0,0,0,0,0,0,0,0.016905675,0,0,0,0,0.016122892,0,0,0,0,0,0.016122892,0,0,0,0,0,0.016122892,0,0,0,0,0,0,0,0.016122892,0.02355514,0,0,0,0,0.016122892,0.02355514,0,0.016122892,0.02355514,0,0,0
what is automatic summarization,0,0,0,0,0,0.017591799,0,0,0,0.017591799,0,0.06406179,0,0,0,0,0,0,0,0,0,0.017591799,0,0,0.06406179,0,0,0,0,0.017591799,0,0,0,0,0,0,0,0.018405372,0,0,0,0,0,0,0.014042518,0.020515767,0,0,0.014042518,0,0,0,0,0,0,0,0,0,0,0,0,0.014042518,0,0,0,0,0,0,0,0,0,0,0,0,0,0,0,0,0,0,0,0,0,0,0.017591799,0,0,0.06406179,0,0,0,0,0,0,0,0,0,0.017591799,0,0,0,0,0.014042518,0,0,0,0,0,0.017591799,0,0,0,0.014042518,0,0,0.014042518,0.020515767,0,0.014042518,0.020515767,0,0,0,0.014042518,0.020515767,0,0,0.014042518,0.020515767,0,0,0,0,0,0.020515767,0,0.014042518,0,0,0,0,0,0,0,0.018405372,0,0,0,0,0.014042518,0,0,0,0,0,0.014042518,0,0,0,0,0,0.014042518,0,0,0,0,0,0,0,0.014042518,0.020515767,0,0,0,0,0.014042518,0.020515767,0,0.014042518,0.020515767,0,0,0
what is sentiment analysis,0,0,0,0,0,0.015731128,0,0,0,0.015731128,0,0,0,0,0,0,0,0,0,0,0,0.015731128,0,0,0,0,0,0,0,0.015731128,0,0,0,0,0,0,0.073727793,0.01316692,0,0,0,0,0,0,0.016743003,0.048922213,0,0,0.016743003,0,0,0,0,0,0,0,0,0,0,0,0,0.016743003,0,0,0,0,0,0,0,0,0,0,0,0,0,0,0,0.073727793,0,0,0,0.073727793,0,0,0.015731128,0,0,0,0,0,0,0,0,0,0,0,0,0.015731128,0,0,0,0,0.016743003,0,0,0,0,0,0.015731128,0,0,0,0.016743003,0,0,0.016743003,0.048922213,0,0.016743003,0.048922213,0,0,0,0.016743003,0.048922213,0,0,0.016743003,0.048922213,0,0,0,0,0,0.048922213,0,0.016743003,0,0,0,0,0,0,0,0.01316692,0,0,0,0,0.016743003,0,0,0,0,0,0.016743003,0,0,0,0,0,0.016743003,0,0,0,0,0,0,0,0.016743003,0.048922213,0,0,0,0,0.016743003,0.048922213,0,0.016743003,0.048922213,0,0,0
what is tokenization,0,0,0,0,0,0.020450467,0,0,0,0.020450467,0,0.099295774,0,0,0,0,0,0,0,0,0,0.020450467,0,0,0.099295774,0,0,0,0,0.020450467,0,0,0,0,0,0,0,0.011411331,0,0,0,0,0,0,0.021765904,0.031799438,0,0,0.021765904,0,0,0,0,0,0,0,0,0,0,0,0,0.021765904,0,0,0,0,0,0,0,0,0,0,0,0,0,0,0,0,0,0,0,0,0,0,0.020450467,0,0,0.099295774,0,0,0,0,0,0,0,0,0,0.020450467,0,0,0,0,0.021765904,0,0,0,0,0,0.020450467,0,0,0,0.021765904,0,0,0.021765904,0.031799438,0,0.021765904,0.031799438,0,0,0,0.021765904,0.031799438,0,0,0.021765904,0.031799438,0,0,0,0,0,0.031799438,0,0.021765904,0,0,0,0,0,0,0,0.011411331,0,0,0,0,0.021765904,0,0,0,0,0,0.021765904,0,0,0,0,0,0.021765904,0,0,0,0,0,0,0,0.021765904,0.031799438,0,0,0,0,0.021765904,0.031799438,0,0.021765904,0.031799438,0,0,0
what is part of speech pos tagging,0,0,0,0,0,0.008019791,0,0,0,0.008019791,0,0,0,0,0,0,0,0,0,0,0,0.008019791,0,0,0,0,0,0,0,0.008019791,0,0,0,0,0,0,0,0.010068821,0,0,0,0,0,0,0.012803473,0.018705552,0,0,0.012803473,0,0.058409279,0,0,0,0,0,0,0,0.058409279,0,0,0.012803473,0,0,0,0,0,0,0,0,0,0,0,0,0,0,0,0,0,0,0,0,0,0,0.008019791,0,0,0,0,0,0,0,0,0,0,0,0,0.008019791,0,0.019815562,0,0,0.012803473,0,0,0,0,0,0.008019791,0,0,0,0.012803473,0,0,0.012803473,0.018705552,0,0.012803473,0.018705552,0,0,0,0.012803473,0.018705552,0,0,0.012803473,0.018705552,0,0,0,0,0,0.018705552,0,0.012803473,0,0.058409279,0,0,0,0,0,0.010068821,0,0,0,0,0.012803473,0,0,0,0,0,0.012803473,0,0,0,0,0,0.012803473,0,0,0,0,0,0,0,0.012803473,0.018705552,0,0,0,0,0.012803473,0.018705552,0,0.012803473,0.018705552,0,0,0
what is stemming,0,0,0,0,0,0.017042055,0,0,0,0.017042055,0,0,0,0,0,0,0,0,0,0,0,0.017042055,0,0,0,0,0,0,0,0.017042055,0,0,0,0,0,0,0,0.007132082,0,0,0,0,0,0,0.027207379,0.039749298,0,0,0.027207379,0,0,0,0,0,0,0,0,0,0,0,0,0.027207379,0,0,0,0,0,0,0,0,0,0,0,0,0,0,0,0,0,0,0,0,0,0,0.017042055,0,0,0,0,0,0,0,0,0,0,0,0,0.017042055,0,0.042108068,0,0,0.027207379,0,0,0,0,0,0.017042055,0,0,0,0.027207379,0,0,0.027207379,0.039749298,0,0.027207379,0.039749298,0,0,0,0.027207379,0.039749298,0,0,0.027207379,0.039749298,0,0,0,0,0,0.039749298,0,0.027207379,0,0,0,0,0,0,0,0.007132082,0,0,0,0,0.027207379,0,0,0,0,0,0.027207379,0,0,0,0,0,0.027207379,0,0,0,0,0,0,0,0.027207379,0.039749298,0,0,0,0,0.027207379,0.039749298,0,0.027207379,0.039749298,0,0,0
what is stopword removal,0,0,0,0,0,0.005680685,0,0,0,0.005680685,0,0.082746478,0,0,0,0,0,0,0,0,0,0.005680685,0,0,0.082746478,0,0,0,0,0.005680685,0,0,0,0,0,0,0,0.009509442,0,0,0,0,0,0,0.018138253,0.026499532,0,0,0.018138253,0,0,0,0,0,0,0,0,0,0,0,0,0.018138253,0,0,0,0,0,0,0,0,0,0,0,0,0,0,0,0,0,0,0,0,0,0,0.005680685,0,0,0.082746478,0,0,0,0,0,0,0,0,0,0.005680685,0,0,0,0,0.018138253,0,0,0,0,0,0.005680685,0,0,0,0.018138253,0,0,0.018138253,0.026499532,0,0.018138253,0.026499532,0,0,0,0.018138253,0.026499532,0,0,0.018138253,0.026499532,0,0,0,0,0,0.026499532,0,0.018138253,0,0,0,0,0,0,0,0.009509442,0,0,0,0,0.018138253,0,0,0,0,0,0.018138253,0,0,0,0,0,0.018138253,0,0,0,0,0,0,0,0.018138253,0.026499532,0,0,0,0,0.018138253,0.026499532,0,0.018138253,0.026499532,0,0,0
what is the refference of natural languange processing for further information,0,0,0,0,0,0.006991612,0,0,0,0.006991612,0,0,0,0,0,0,0,0,0,0,0,0.006991612,0,0,0,0,0,0,0,0.006991612,0,0,0,0,0,0,0,0.008777947,0,0,0,0,0,0,0.005581001,0.008153702,0,0,0.005581001,0,0.025460455,0.041521519,0,0,0,0,0.052821114,0,0.025460455,0,0,0.005581001,0,0,0,0,0,0.052821114,0,0,0,0,0,0,0,0,0,0,0,0,0,0,0,0,0.006991612,0,0,0,0,0,0,0,0,0,0,0,0,0.006991612,0,0.017275105,0,0,0.005581001,0,0,0,0,0,0.006991612,0,0,0,0.005581001,0,0,0.005581001,0.008153702,0,0.005581001,0.008153702,0.019665774,0,0.020262184,0.005581001,0.008153702,0,0.020262184,0.005581001,0.008153702,0,0,0,0,0,0.008153702,0,0.005581001,0,0.025460455,0,0,0,0,0,0.008777947,0,0,0.059548403,0,0.005581001,0,0.019665774,0,0.020262184,0,0.005581001,0,0.019665774,0,0.020262184,0,0.005581001,0,0,0,0,0.019665774,0,0.020262184,0.005581001,0.008153702,0.019665774,0,0.020262184,0,0.005581001,0.008153702,0,0.005581001,0.008153702,0.052821114,0,0
is any standardization for natural languange processing nlp area ,0,0,0,0,0,0.008389935,0,0,0,0.008389935,0,0,0,0,0,0,0,0.034262731,0,0,0,0.008389935,0,0,0,0,0,0,0,0.008389935,0,0,0,0.034262731,0,0,0,0.017555893,0,0,0,0,0,0,0,0.009784443,0,0,0,0,0,0,0,0,0,0,0,0,0,0,0,0,0.034262731,0,0,0,0,0,0,0,0.034262731,0,0,0,0,0,0,0,0,0,0,0,0,0,0.008389935,0,0,0,0,0,0,0,0,0,0,0,0,0.008389935,0,0.010365063,0,0,0,0,0,0,0,0,0.008389935,0,0,0,0,0,0,0,0.009784443,0.023598929,0,0.009784443,0.023598929,0,0.024314621,0,0.009784443,0,0.024314621,0,0.009784443,0,0,0,0,0.023598929,0.009784443,0,0,0,0,0,0,0,0.023598929,0,0.017555893,0,0,0.035729042,0,0,0,0.023598929,0,0.024314621,0,0,0,0.023598929,0,0.024314621,0,0,0,0,0,0,0.023598929,0,0.024314621,0,0.009784443,0.023598929,0,0.024314621,0,0,0.009784443,0,0,0.009784443,0,0,0
what is preprocessing in natural languange processing,0,0,0,0,0,0.010289543,0,0,0,0.010289543,0,0,0,0,0,0,0,0,0,0,0,0.010289543,0,0,0,0,0,0,0,0.010289543,0,0,0,0,0,0,0,0.010765406,0,0,0,0,0,0,0.008213549,0.011999788,0,0,0.008213549,0,0,0,0,0,0,0,0,0,0,0,0,0.008213549,0,0,0,0,0,0,0,0,0,0,0,0,0,0,0,0,0,0,0,0,0,0,0.010289543,0,0,0,0,0,0,0,0,0,0,0,0,0.010289543,0,0.038135609,0,0,0.008213549,0,0,0,0,0,0.010289543,0,0,0,0.008213549,0,0,0.008213549,0.011999788,0,0.008213549,0.011999788,0.028942082,0,0.059639637,0.008213549,0.011999788,0,0.059639637,0.008213549,0.011999788,0,0,0,0,0,0.011999788,0,0.008213549,0,0,0,0,0,0,0,0.010765406,0,0,0,0,0.008213549,0,0.028942082,0,0.059639637,0,0.008213549,0,0.028942082,0,0.059639637,0,0.008213549,0,0,0,0,0.028942082,0,0.059639637,0.008213549,0.011999788,0.028942082,0,0.059639637,0,0.008213549,0.011999788,0,0.008213549,0.011999788,0,0,0
how about evaluation in natural languange processing,0,0,0,0,0,0.007865564,0,0,0,0.007865564,0,0,0,0.041155119,0,0,0,0,0,0,0,0.007865564,0,0,0,0,0.041155119,0,0,0.007865564,0,0,0,0,0,0,0,0.015361407,0,0,0,0,0,0,0,0,0,0,0,0,0,0,0,0,0,0,0,0,0,0,0,0,0,0,0,0,0.044661302,0,0,0.044661302,0,0,0,0,0,0,0,0,0,0,0,0,0,0,0.007865564,0,0,0,0,0.041155119,0,0,0.044661302,0,0,0,0,0.007865564,0,0.025912657,0,0,0,0,0,0,0,0,0.007865564,0,0,0,0,0,0,0,0,0,0,0,0.029498661,0,0.030393276,0,0,0,0.030393276,0,0,0,0,0,0,0,0,0,0,0,0,0,0,0,0,0,0.015361407,0,0,0,0,0,0,0.029498661,0,0.030393276,0,0,0,0.029498661,0,0.030393276,0,0,0,0,0,0.041155119,0.029498661,0,0.030393276,0,0,0.029498661,0,0.030393276,0,0,0,0,0,0,0,0,0
what is diverse in natural languange processing evaluation,0,0,0,0,0,0.011753142,0,0,0,0.011753142,0,0,0,0,0,0,0,0,0,0,0,0.011753142,0,0,0,0,0,0,0,0.011753142,0,0,0,0,0,0,0,0.013772296,0,0,0,0,0,0,0.007505484,0.010965324,0,0,0.007505484,0,0,0,0,0,0,0,0,0,0,0,0,0.007505484,0,0,0,0,0,0,0,0,0,0,0,0,0,0,0,0,0,0,0,0,0,0,0.011753142,0,0,0,0,0,0,0,0,0,0,0,0,0.011753142,0,0.023232038,0,0,0.007505484,0,0,0,0,0,0.011753142,0,0,0,0.007505484,0,0,0.007505484,0.010965324,0,0.007505484,0.010965324,0.026447075,0,0.027249144,0.007505484,0.010965324,0,0.027249144,0.007505484,0.010965324,0,0,0,0,0,0.010965324,0,0.007505484,0,0,0,0,0,0,0,0.013772296,0,0,0,0,0.007505484,0,0.026447075,0,0.027249144,0,0.007505484,0,0.026447075,0,0.027249144,0,0.007505484,0,0,0,0,0.026447075,0,0.027249144,0.007505484,0.010965324,0.026447075,0,0.027249144,0,0.007505484,0.010965324,0,0.007505484,0.010965324,0,0,0
how natural language processing help uncover social media sentiment ,0,0,0,0,0,0.008019791,0,0,0,0.008019791,0,0,0,0,0,0,0,0,0,0,0,0.008019791,0,0,0,0,0,0,0,0.008019791,0,0,0,0,0,0,0.056380077,0.010068821,0,0,0,0,0,0,0,0,0,0,0,0,0,0,0,0,0,0,0,0,0,0,0,0,0,0,0,0,0.034152761,0,0,0.034152761,0,0,0,0,0,0,0.051858243,0.056380077,0,0,0,0.056380077,0,0,0.008019791,0,0,0,0,0,0,0,0.034152761,0,0,0,0,0.008019791,0,0.009907781,0,0,0,0,0,0,0,0,0.008019791,0,0,0,0,0,0,0,0,0,0,0,0.022557799,0.028190038,0.023241917,0,0,0.028190038,0.023241917,0,0,0,0,0,0,0,0,0,0,0,0,0,0,0,0,0,0.010068821,0,0,0,0,0,0,0.022557799,0.028190038,0.023241917,0,0,0,0.022557799,0.028190038,0.023241917,0,0,0,0,0,0,0.022557799,0.028190038,0.023241917,0,0,0.022557799,0.028190038,0.023241917,0,0,0,0,0,0,0,0,0
how does nlp works ,0,0,0,0,0,0,0,0,0,0,0,0,0,0,0,0,0,0,0,0,0,0,0,0,0,0,0,0,0,0,0,0,0,0,0,0,0,0,0,0,0,0,0,0,0,0,0,0,0,0,0,0,0,0,0,0,0,0,0,0,0,0,0,0,0,0,0.122230933,0,0,0.122230933,0,0,0,0,0,0,0,0,0,0,0,0,0,0,0,0,0,0,0,0,0,0,0.122230933,0,0,0,0,0,0,0,0,0,0,0,0,0.141003298,0,0,0,0.141003298,0,0,0,0,0,0,0,0.080733177,0,0,0,0,0,0,0,0,0,0,0,0,0,0,0,0.080733177,0,0,0,0,0,0,0,0,0.080733177,0,0,0,0,0,0,0,0.185597922,0,0,0,0,0,0,0,0,0,0,0,0,0,0,0,0,0,0,0,0,0,0,0,0,0,0,0,0,0,0,0,0
what the adventages of natural language processing ,0,0,0,0,0,0.002673264,0,0,0,0.002673264,0,0,0,0,0,0,0,0,0,0,0,0.002673264,0,0,0,0,0,0,0,0.002673264,0,0,0,0,0,0,0,0.015662611,0,0,0,0,0,0,0.008535648,0,0,0,0.008535648,0,0.038939519,0,0,0,0,0,0.040392617,0,0.038939519,0,0,0.008535648,0,0,0,0,0,0.040392617,0,0,0,0,0,0,0,0,0,0,0,0,0,0,0,0,0.002673264,0,0,0,0,0,0,0,0,0,0,0,0,0.002673264,0,0.013210374,0,0,0.008535648,0,0,0,0,0,0.002673264,0,0,0,0.008535648,0,0,0.008535648,0,0,0.008535648,0,0.030077066,0.037586718,0.030989223,0.008535648,0,0.037586718,0.030989223,0.008535648,0,0,0,0,0,0,0,0,0.008535648,0,0.038939519,0,0,0,0,0,0.015662611,0,0,0,0,0.008535648,0,0.030077066,0.037586718,0.030989223,0,0.008535648,0,0.030077066,0.037586718,0.030989223,0,0.008535648,0,0,0,0,0.030077066,0.037586718,0.030989223,0.008535648,0,0.030077066,0.037586718,0.030989223,0,0.008535648,0,0,0.008535648,0,0.040392617,0,0
where nlp being used ,0,0,0,0,0,0.006492212,0,0,0,0.006492212,0,0,0,0,0,0,0,0,0,0,0,0.006492212,0,0,0,0,0,0,0,0.006492212,0,0,0.16792193,0,0,0,0,0,0,0,0,0,0,0,0,0,0,0,0,0,0,0,0,0,0,0,0,0,0,0,0,0,0,0,0,0,0,0,0,0,0,0,0,0,0,0,0,0,0,0,0,0,0,0,0.006492212,0,0,0,0,0,0,0,0,0,0,0,0,0.006492212,0,0.032082338,0,0,0,0,0,0,0,0,0.006492212,0,0,0,0,0,0,0,0,0.073044303,0,0,0,0,0,0,0,0,0,0,0,0,0,0,0,0.073044303,0,0,0,0,0,0,0,0,0.073044303,0,0,0,0,0,0,0,0,0,0,0,0,0,0,0,0,0,0,0,0,0,0,0,0,0,0,0,0,0,0,0,0,0,0,0,0,0,0,0,0
what the components of nlp ,0,0,0,0,0,0,0,0,0,0,0,0,0,0,0,0,0,0,0,0,0,0,0,0,0,0,0,0,0,0,0,0,0,0,0,0,0,0.004226419,0,0,0,0,0,0,0.016122892,0,0,0,0.016122892,0,0.073552425,0,0,0,0,0,0.076297165,0,0.073552425,0,0,0.016122892,0,0,0,0,0,0.076297165,0,0,0,0,0,0,0,0,0,0,0,0,0,0,0,0,0,0,0,0,0,0,0,0,0,0,0,0,0,0,0,0,0,0,0.016122892,0,0,0,0,0,0,0,0,0,0.016122892,0,0,0.016122892,0,0.056812236,0.016122892,0,0,0,0,0.016122892,0,0,0,0.016122892,0,0,0,0,0,0.056812236,0,0,0.016122892,0,0.073552425,0,0,0,0.056812236,0,0.004226419,0,0,0,0,0.016122892,0,0,0,0,0,0.016122892,0,0,0,0,0,0.016122892,0,0,0,0,0,0,0,0.016122892,0,0,0,0,0,0.016122892,0,0,0.016122892,0,0.076297165,0,0
what steps in nlp ,0,0,0,0,0,0.007574247,0,0,0,0.007574247,0,0,0,0,0,0,0,0,0,0,0,0.007574247,0,0,0,0,0,0,0,0.007574247,0,0,0,0,0,0,0,0.006339628,0,0,0,0,0,0,0.024184337,0,0,0,0.024184337,0,0,0,0,0,0,0,0,0,0,0,0,0.024184337,0,0,0,0,0,0,0,0,0,0,0,0,0,0,0,0,0,0,0,0,0,0,0.007574247,0,0,0,0,0,0,0,0,0,0,0,0,0.007574247,0,0.037429394,0,0,0.024184337,0,0,0,0,0,0.007574247,0,0,0,0.024184337,0,0,0.024184337,0,0.085218353,0.024184337,0,0,0,0,0.024184337,0,0,0,0.024184337,0,0,0,0,0,0.085218353,0,0,0.024184337,0,0,0,0,0,0.085218353,0,0.006339628,0,0,0,0,0.024184337,0,0,0,0,0,0.024184337,0,0,0,0,0,0.024184337,0,0,0,0,0,0,0,0.024184337,0,0,0,0,0,0.024184337,0,0,0.024184337,0,0,0,0
what is natural language processing used for,0,0,0,0,0,0.006197111,0,0,0,0.006197111,0,0,0,0,0,0,0,0,0,0,0,0.006197111,0,0,0,0,0,0,0,0.006197111,0,0,0,0,0,0,0,0.012967421,0,0,0,0,0,0,0.009893593,0.01445429,0,0,0.009893593,0,0,0,0,0,0,0,0,0,0,0,0,0.009893593,0,0,0,0,0,0,0,0,0,0,0,0,0,0,0,0,0,0,0,0,0,0,0.006197111,0,0,0,0,0,0,0,0,0,0,0,0,0.006197111,0,0.015312025,0,0,0.009893593,0,0,0,0,0,0.006197111,0,0,0,0.009893593,0,0,0.009893593,0.01445429,0,0.009893593,0.01445429,0.034862054,0.043566423,0.035919327,0.009893593,0.01445429,0.043566423,0.035919327,0.009893593,0.01445429,0,0,0,0,0,0.01445429,0,0.009893593,0,0,0,0,0,0,0,0.012967421,0,0,0.052781539,0,0.009893593,0,0.034862054,0.043566423,0.035919327,0,0.009893593,0,0.034862054,0.043566423,0.035919327,0,0.009893593,0,0,0,0,0.034862054,0.043566423,0.035919327,0.009893593,0.01445429,0.034862054,0.043566423,0.035919327,0,0.009893593,0.01445429,0,0.009893593,0.01445429,0,0,0
what the main area of nlp research ,0,0,0,0,0,0.003895327,0,0,0,0.003895327,0,0,0,0,0,0,0,0.063630787,0,0,0,0.003895327,0,0,0,0,0,0,0,0.003895327,0,0,0,0.063630787,0,0,0,0.016301901,0,0,0,0,0,0,0.012437659,0,0,0,0.012437659,0,0.056740442,0,0,0,0,0,0.058857813,0,0.056740442,0,0,0.012437659,0.063630787,0,0,0,0,0.058857813,0,0,0.063630787,0,0,0,0,0,0,0,0,0,0,0,0,0,0.003895327,0,0,0,0,0,0,0,0,0,0,0,0,0.003895327,0,0.019249403,0,0,0.012437659,0,0,0,0,0,0.003895327,0,0,0,0.012437659,0,0,0.012437659,0,0.043826582,0.012437659,0,0,0,0,0.012437659,0,0,0,0.012437659,0,0,0,0,0,0.043826582,0,0,0.012437659,0,0.056740442,0,0,0,0.043826582,0,0.016301901,0,0,0,0.100753158,0.012437659,0,0,0,0,0,0.012437659,0,0,0,0,0,0.012437659,0,0,0,0,0,0,0,0.012437659,0,0,0,0,0,0.012437659,0,0,0.012437659,0,0.058857813,0,0
what the problems in nlp ,0,0,0,0,0,0.005453458,0,0,0,0.005453458,0,0,0,0,0,0,0,0,0,0,0,0.005453458,0,0,0,0,0,0,0,0.005453458,0,0,0,0,0,0,0,0.004564532,0,0,0,0,0,0,0.017412723,0,0,0,0.017412723,0,0,0,0,0,0,0,0.082400938,0,0,0,0,0.017412723,0,0,0,0,0,0.082400938,0,0,0,0,0,0,0,0,0,0,0,0,0,0,0,0,0.005453458,0,0,0,0,0,0,0,0,0,0,0,0,0.005453458,0,0.026949164,0,0,0.017412723,0,0,0,0,0,0.005453458,0,0,0,0.017412723,0,0,0.017412723,0,0.061357214,0.017412723,0,0,0,0,0.017412723,0,0,0,0.017412723,0,0,0,0,0,0.061357214,0,0,0.017412723,0,0,0,0,0,0.061357214,0,0.004564532,0,0,0,0,0.017412723,0,0,0,0,0,0.017412723,0,0,0,0,0,0.017412723,0,0,0,0,0,0,0,0.017412723,0,0,0,0,0,0.017412723,0,0,0.017412723,0,0.082400938,0,0
what the terminology in nlp ,0,0,0,0,0,0.009738317,0,0,0,0.009738317,0,0,0,0,0,0,0,0,0,0,0,0.009738317,0,0,0,0,0,0,0,0.009738317,0,0,0,0,0,0,0,0.004075475,0,0,0,0,0,0,0.015547074,0,0,0,0.015547074,0,0,0,0,0,0,0,0.073572266,0,0,0,0,0.015547074,0,0,0,0,0,0.073572266,0,0,0,0,0,0,0,0,0,0,0,0,0,0,0,0,0.009738317,0,0,0,0,0,0,0,0,0,0,0,0,0.009738317,0,0.048123507,0,0,0.015547074,0,0,0,0,0,0.009738317,0,0,0,0.015547074,0,0,0.015547074,0,0.054783227,0.015547074,0,0,0,0,0.015547074,0,0,0,0.015547074,0,0,0,0,0,0.054783227,0,0,0.015547074,0,0,0,0,0,0.054783227,0,0.004075475,0,0,0,0,0.015547074,0,0,0,0,0,0.015547074,0,0,0,0,0,0.015547074,0,0,0,0,0,0,0,0.015547074,0,0,0,0,0,0.015547074,0,0,0.015547074,0,0.073572266,0,0
what the input and output in nlp ,0,0,0,0,0,0.008262815,0,0,0,0.008262815,0,0,0,0,0,0,0,0,0,0,0,0.008262815,0,0,0,0,0,0,0,0.008262815,0,0,0,0,0,0,0,0.006915958,0,0,0,0,0,0,0.013191457,0,0,0,0.013191457,0,0,0,0,0,0,0,0.062424953,0,0,0,0,0.013191457,0,0,0,0,0,0.062424953,0,0,0,0,0,0,0,0,0,0,0,0,0,0,0,0,0.008262815,0,0,0,0,0,0,0,0,0,0,0,0,0.008262815,0,0.040832066,0,0,0.013191457,0,0,0,0,0,0.008262815,0,0,0,0.013191457,0,0,0.013191457,0,0.046482738,0.013191457,0,0,0,0,0.013191457,0,0,0,0.013191457,0,0,0,0,0,0.046482738,0,0,0.013191457,0,0,0,0,0,0.046482738,0,0.006915958,0,0,0,0,0.013191457,0,0,0,0,0,0.013191457,0,0,0,0,0,0.013191457,0,0,0,0,0,0,0,0.013191457,0,0,0,0,0,0.013191457,0,0,0.013191457,0,0.062424953,0,0
what is natural language generation ,0,0,0,0,0,0.007574247,0,0,0,0.007574247,0,0,0,0,0,0,0,0,0,0,0,0.007574247,0,0,0,0,0,0,0,0.007574247,0,0,0,0,0,0,0,0.019018884,0,0,0,0,0,0,0.012092169,0.017666355,0,0,0.012092169,0,0,0,0,0,0,0,0,0,0,0,0,0.012092169,0,0,0,0,0,0,0,0,0,0,0,0,0,0,0,0,0,0,0,0,0,0,0.007574247,0,0,0,0,0,0,0,0,0,0,0,0,0.007574247,0,0,0,0,0.012092169,0,0,0,0,0,0.007574247,0,0,0,0.012092169,0,0,0.012092169,0.017666355,0,0.012092169,0.017666355,0.042609177,0.05324785,0,0.012092169,0.017666355,0.05324785,0,0.012092169,0.017666355,0,0,0,0,0,0.017666355,0,0.012092169,0,0,0,0,0,0,0,0.019018884,0,0,0,0,0.012092169,0,0.042609177,0.05324785,0,0,0.012092169,0,0.042609177,0.05324785,0,0,0.012092169,0,0,0,0,0.042609177,0.05324785,0,0.012092169,0.017666355,0.042609177,0.05324785,0,0,0.012092169,0.017666355,0,0.012092169,0.017666355,0,0,0
what is natural language understanding nlu for ,0,0,0,0,0,0.005801551,0,0,0,0.005801551,0,0,0,0,0,0,0,0,0,0,0,0.005801551,0,0,0,0,0,0,0,0.005801551,0,0,0,0,0,0,0,0.014567656,0,0,0,0,0,0,0.009262087,0.013531676,0,0,0.009262087,0,0,0,0,0,0,0,0,0,0,0,0,0.009262087,0,0,0,0,0,0,0,0,0,0,0,0,0,0,0,0,0,0,0,0,0,0,0.005801551,0,0,0,0,0,0,0,0,0,0,0,0,0.005801551,0,0.014334662,0,0,0.009262087,0,0,0,0,0,0.005801551,0,0,0.075028947,0.009262087,0,0,0.009262087,0.013531676,0,0.009262087,0.013531676,0.032636816,0.040785587,0,0.009262087,0.013531676,0.040785587,0,0.009262087,0.013531676,0,0,0,0,0,0.013531676,0,0.009262087,0,0,0,0,0,0,0,0.014567656,0,0,0.049412505,0,0.009262087,0,0.032636816,0.040785587,0,0,0.009262087,0,0.032636816,0.040785587,0,0,0.009262087,0,0,0,0,0.032636816,0.040785587,0,0.009262087,0.013531676,0.032636816,0.040785587,0,0,0.009262087,0.013531676,0,0.009262087,0.013531676,0,0,0
what are materials discussed in nlp,0,0,0,0,0,0.011685981,0,0,0,0.011685981,0,0,0,0,0,0,0,0.063630787,0,0,0,0.011685981,0,0,0,0,0,0,0,0.011685981,0,0,0,0.063630787,0,0,0,0.013041521,0,0,0,0,0,0,0.012437659,0.018171108,0,0,0.012437659,0,0,0,0,0,0,0,0,0,0,0,0,0.012437659,0.063630787,0,0,0,0,0,0,0,0.063630787,0,0,0,0,0,0,0,0,0,0,0,0,0,0.011685981,0,0,0,0,0,0,0,0,0,0,0,0,0.011685981,0,0.019249403,0,0,0.012437659,0,0,0,0,0,0.011685981,0,0,0,0.012437659,0,0,0.012437659,0.018171108,0.043826582,0.012437659,0.018171108,0,0,0,0.012437659,0.018171108,0,0,0.012437659,0.018171108,0,0,0,0,0.043826582,0.018171108,0,0.012437659,0,0,0,0,0,0.043826582,0,0.013041521,0,0,0,0,0.012437659,0,0,0,0,0,0.012437659,0,0,0,0,0,0.012437659,0,0,0,0,0,0,0,0.012437659,0.018171108,0,0,0,0,0.012437659,0.018171108,0,0.012437659,0.018171108,0,0,0
can you explain me about speech segmentation,0,0,0,0,0.052781539,0.006197111,0,0.038193951,0,0.006197111,0,0,0,0.048637867,0,0,0,0,0.038193951,0,0,0.006197111,0,0,0,0,0.048637867,0,0,0.006197111,0,0,0,0,0.038193951,0,0.087132846,0.010373937,0,0,0,0.038193951,0,0,0,0,0,0,0,0,0,0,0,0.038193951,0,0,0,0,0,0,0,0,0,0.038193951,0,0,0,0,0,0,0,0.038193951,0,0.038193951,0.052781539,0.038193951,0,0.087132846,0.052781539,0.038193951,0,0.087132846,0,0,0.006197111,0,0,0,0,0.048637867,0,0,0,0,0.038193951,0,0,0.006197111,0,0.015312025,0,0,0,0.052781539,0.038193951,0,0,0,0.006197111,0,0,0,0,0.038193951,0,0,0,0,0,0,0,0,0,0,0,0,0,0,0,0,0,0,0,0,0,0,0,0,0,0,0,0,0,0,0.010373937,0,0,0,0,0,0,0,0,0,0,0,0,0,0,0,0,0,0,0,0,0.048637867,0,0,0,0,0,0,0,0,0,0,0,0,0,0,0,0,0
how about text segmentation,0,0,0,0,0,0.005049498,0,0,0,0.005049498,0,0,0,0.07926171,0,0,0,0,0,0,0,0.005049498,0,0,0,0,0.07926171,0,0,0.005049498,0,0,0,0,0,0,0.070997134,0.008452838,0,0,0,0,0,0,0,0,0,0,0,0,0,0,0,0,0,0,0,0,0,0,0,0,0,0,0,0,0.08601436,0,0,0.08601436,0,0,0,0,0,0,0,0.070997134,0,0,0,0.070997134,0,0,0.005049498,0,0,0,0,0.07926171,0,0,0.08601436,0,0,0,0,0.005049498,0,0,0,0,0,0,0,0,0,0,0.005049498,0,0,0,0,0,0,0,0,0,0,0,0,0,0,0,0,0,0,0,0,0,0,0,0,0,0,0,0,0,0,0,0,0,0,0,0.008452838,0,0,0,0,0,0,0,0,0,0,0,0,0,0,0,0,0,0,0,0,0.07926171,0,0,0,0,0,0,0,0,0,0,0,0,0,0,0,0,0
how history of nlp start,0,0.092794898,0,0,0,0.005680685,0,0,0,0.005680685,0,0.082746478,0,0,0,0,0,0,0,0,0,0.005680685,0,0,0.082746478,0,0,0,0,0.005680685,0,0,0,0,0,0,0,0.004754721,0,0,0,0,0,0,0,0.026499532,0,0,0,0,0.082746478,0,0,0,0,0,0,0,0.082746478,0,0,0,0,0,0,0,0.096766155,0,0,0.096766155,0,0,0,0,0,0,0,0,0,0,0,0,0,0,0.005680685,0,0,0.082746478,0,0,0,0,0.096766155,0,0,0,0,0.005680685,0,0,0,0,0,0,0,0,0,0,0.005680685,0,0,0,0,0,0,0,0.026499532,0.063913765,0,0.026499532,0,0,0,0,0.026499532,0,0,0,0.026499532,0,0,0,0,0.063913765,0.026499532,0,0,0,0.082746478,0,0,0,0.063913765,0,0.004754721,0,0,0,0,0,0,0,0,0,0,0,0,0,0,0,0,0,0,0,0,0,0,0,0,0,0.026499532,0,0,0,0,0,0.026499532,0,0,0.026499532,0,0,0
what is partofspeech tagging,0,0,0,0,0,0.009738317,0,0,0,0.009738317,0,0.070925553,0,0,0,0,0,0,0,0,0,0.009738317,0,0,0.070925553,0,0,0,0,0.009738317,0,0,0,0,0,0,0,0.012226426,0,0,0,0,0,0,0.015547074,0.022713885,0,0,0.015547074,0,0.070925553,0,0,0,0,0,0,0,0.070925553,0,0,0.015547074,0,0,0,0,0,0,0,0,0,0,0,0,0,0,0,0,0,0,0,0,0,0,0.009738317,0,0,0.070925553,0,0,0,0,0,0,0,0,0,0.009738317,0,0.024061753,0,0,0.015547074,0,0,0,0,0,0.009738317,0,0,0,0.015547074,0,0,0.015547074,0.022713885,0,0.015547074,0.022713885,0,0,0,0.015547074,0.022713885,0,0,0.015547074,0.022713885,0,0,0,0,0,0.022713885,0,0.015547074,0,0.070925553,0,0,0,0,0,0.012226426,0,0,0,0,0.015547074,0,0,0,0,0,0.015547074,0,0,0,0,0,0.015547074,0,0,0,0,0,0,0,0.015547074,0.022713885,0,0,0,0,0.015547074,0.022713885,0,0.015547074,0.022713885,0,0,0
can you explain me about speech segmentation,0,0,0,0,0.052781539,0.006197111,0,0.038193951,0,0.006197111,0,0,0,0.048637867,0,0,0,0,0.038193951,0,0,0.006197111,0,0,0,0,0.048637867,0,0,0.006197111,0,0,0,0,0.038193951,0,0.087132846,0.010373937,0,0,0,0.038193951,0,0,0,0,0,0,0,0,0,0,0,0.038193951,0,0,0,0,0,0,0,0,0,0.038193951,0,0,0,0,0,0,0,0.038193951,0,0.038193951,0.052781539,0.038193951,0,0.087132846,0.052781539,0.038193951,0,0.087132846,0,0,0.006197111,0,0,0,0,0.048637867,0,0,0,0,0.038193951,0,0,0.006197111,0,0.015312025,0,0,0,0.052781539,0.038193951,0,0,0,0.006197111,0,0,0,0,0.038193951,0,0,0,0,0,0,0,0,0,0,0,0,0,0,0,0,0,0,0,0,0,0,0,0,0,0,0,0,0,0,0.010373937,0,0,0,0,0,0,0,0,0,0,0,0,0,0,0,0,0,0,0,0,0.048637867,0,0,0,0,0,0,0,0,0,0,0,0,0,0,0,0,0
what can developers usenlpalgorithms for,0,0,0,0,0.055294946,0.003246106,0,0,0,0.003246106,0,0,0,0,0,0,0,0,0,0,0,0.003246106,0,0,0,0,0,0,0,0.003246106,0,0,0,0,0,0,0,0.00815095,0,0,0,0,0,0,0.010364716,0,0,0,0.010364716,0,0,0,0,0,0,0,0,0,0,0,0,0.010364716,0,0,0,0,0,0,0,0,0,0,0,0,0.055294946,0,0,0,0.055294946,0,0,0,0,0,0.003246106,0,0,0,0,0,0,0,0,0,0,0,0,0.003246106,0,0,0,0,0.010364716,0.055294946,0,0,0,0,0.003246106,0,0,0,0.010364716,0,0,0.010364716,0,0.036522151,0.010364716,0,0,0,0,0.010364716,0,0,0,0.010364716,0,0,0,0,0,0.036522151,0,0,0.010364716,0,0,0,0,0,0.036522151,0,0.00815095,0,0,0.055294946,0,0.010364716,0,0,0,0,0,0.010364716,0,0,0,0,0,0.010364716,0,0,0,0,0,0,0,0.010364716,0,0,0,0,0,0.010364716,0,0,0.010364716,0,0,0,0
what are all the steps that exists in nlp,0,0,0,0,0,0.006650558,0,0,0,0.006650558,0,0,0,0,0,0,0,0.054318964,0,0,0,0.006650558,0,0,0,0,0,0,0,0.006650558,0,0,0,0.054318964,0,0,0,0.011133006,0,0,0,0,0,0,0.010617514,0.015511921,0,0,0.010617514,0,0,0,0,0,0,0,0.050244475,0,0,0,0,0.010617514,0.054318964,0,0,0,0,0.050244475,0,0,0.054318964,0,0,0,0,0,0,0,0,0,0,0,0,0,0.006650558,0,0,0,0,0,0,0,0,0,0,0,0,0.006650558,0,0.016432417,0,0,0.010617514,0,0,0,0,0,0.006650558,0,0,0,0.010617514,0,0,0.010617514,0.015511921,0.037412936,0.010617514,0.015511921,0,0,0,0.010617514,0.015511921,0,0,0.010617514,0.015511921,0,0,0,0,0.037412936,0.015511921,0,0.010617514,0,0,0,0.086008793,0,0.037412936,0,0.011133006,0,0,0,0,0.010617514,0,0,0,0,0,0.010617514,0,0,0,0,0,0.010617514,0,0,0,0,0,0,0,0.010617514,0.015511921,0,0,0,0,0.010617514,0.015511921,0,0.010617514,0.015511921,0.050244475,0,0
what is lexical analysis,0,0,0,0,0,0.017042055,0,0,0,0.017042055,0,0,0,0,0,0,0,0,0,0,0,0.017042055,0,0,0,0,0,0,0,0.017042055,0,0,0,0,0,0,0,0.019018884,0,0,0,0,0,0,0.018138253,0.052999064,0,0,0.018138253,0,0,0,0,0,0,0,0,0,0,0,0,0.018138253,0,0,0,0,0,0,0,0,0,0,0,0,0,0,0,0,0,0,0,0,0,0,0.017042055,0,0,0,0,0,0,0,0,0,0,0,0,0.017042055,0,0,0,0,0.018138253,0,0,0,0,0,0.017042055,0,0,0,0.018138253,0,0,0.018138253,0.052999064,0,0.018138253,0.052999064,0,0,0,0.018138253,0.052999064,0,0,0.018138253,0.052999064,0,0,0,0,0,0.052999064,0,0.018138253,0,0,0,0,0,0,0,0.019018884,0,0,0,0,0.018138253,0,0,0,0,0,0.018138253,0,0,0,0,0,0.018138253,0,0,0,0,0,0,0,0.018138253,0.052999064,0,0,0,0,0.018138253,0.052999064,0,0.018138253,0.052999064,0,0,0
what issyntactic analysis,0,0,0,0,0,0.015731128,0,0,0,0.015731128,0,0,0,0,0,0,0,0,0,0,0,0.015731128,0,0,0,0,0,0,0,0.015731128,0,0,0,0,0,0,0,0.017555893,0,0,0,0,0,0,0.016743003,0.048922213,0,0,0.016743003,0,0,0,0,0,0,0,0,0,0,0,0,0.016743003,0,0,0,0,0,0,0,0,0,0,0,0,0,0,0,0,0,0,0,0,0,0,0.015731128,0,0,0,0,0,0,0,0,0,0,0,0,0.015731128,0,0,0,0,0.016743003,0,0,0,0,0,0.015731128,0,0,0,0.016743003,0,0,0.016743003,0.048922213,0,0.016743003,0.048922213,0,0,0,0.016743003,0.048922213,0,0,0.016743003,0.048922213,0,0,0,0,0,0.048922213,0,0.016743003,0,0,0,0,0,0,0,0.017555893,0,0,0,0,0.016743003,0,0,0,0,0,0.016743003,0,0,0,0,0,0.016743003,0,0,0,0,0,0,0,0.016743003,0.048922213,0,0,0,0,0.016743003,0.048922213,0,0.016743003,0.048922213,0,0,0
what issemantic analysis,0,0,0,0,0,0.016360373,0,0,0,0.016360373,0,0,0,0,0,0,0,0,0,0,0,0.016360373,0,0,0,0,0,0,0,0.016360373,0,0,0,0,0,0,0,0.018258129,0,0,0,0,0,0,0.017412723,0.050879101,0,0,0.017412723,0,0,0,0,0,0,0,0,0,0,0,0,0.017412723,0,0,0,0,0,0,0,0,0,0,0,0,0,0,0,0,0,0,0,0,0,0,0.016360373,0,0,0,0,0,0,0,0,0,0,0,0,0.016360373,0,0,0,0,0.017412723,0,0,0,0,0,0.016360373,0,0,0,0.017412723,0,0,0.017412723,0.050879101,0,0.017412723,0.050879101,0,0,0,0.017412723,0.050879101,0,0,0.017412723,0.050879101,0,0,0,0,0,0.050879101,0,0.017412723,0,0,0,0,0,0,0,0.018258129,0,0,0,0,0.017412723,0,0,0,0,0,0.017412723,0,0,0,0,0,0.017412723,0,0,0,0,0,0,0,0.017412723,0.050879101,0,0,0,0,0.017412723,0.050879101,0,0.017412723,0.050879101,0,0,0
what is discourse integration,0,0,0,0,0,0.018805027,0,0,0,0.018805027,0,0,0,0,0,0,0,0,0,0,0,0.018805027,0,0,0,0,0,0,0,0.018805027,0,0,0,0,0,0,0,0.007869883,0,0,0,0,0,0,0.015010968,0.043861294,0,0,0.015010968,0,0,0,0,0,0,0,0,0,0,0,0,0.015010968,0,0,0,0,0,0,0,0,0,0,0,0,0,0,0,0,0,0,0,0,0,0,0.018805027,0,0,0,0,0,0,0,0,0,0,0,0,0.018805027,0,0.023232038,0,0,0.015010968,0,0,0,0,0,0.018805027,0,0,0,0.015010968,0,0,0.015010968,0.043861294,0,0.015010968,0.043861294,0,0,0,0.015010968,0.043861294,0,0,0.015010968,0.043861294,0,0,0,0,0,0.043861294,0,0.015010968,0,0,0,0,0,0,0,0.007869883,0,0,0,0,0.015010968,0,0,0,0,0,0.015010968,0,0,0,0,0,0.015010968,0,0,0,0,0,0,0,0.015010968,0.043861294,0,0,0,0,0.015010968,0.043861294,0,0.015010968,0.043861294,0,0,0
what ispragmatic analysis,0,0,0,0,0,0.015731128,0,0,0,0.015731128,0,0,0,0,0,0,0,0,0,0,0,0.015731128,0,0,0,0,0,0,0,0.015731128,0,0,0,0,0,0,0,0.021944867,0,0,0,0,0,0,0.016743003,0.048922213,0,0,0.016743003,0,0,0,0,0,0,0,0,0,0,0,0,0.016743003,0,0,0,0,0,0,0,0,0,0,0,0,0,0,0,0,0,0,0,0,0,0,0.015731128,0,0,0,0,0,0,0,0,0,0,0,0,0.015731128,0,0,0,0,0.016743003,0,0,0,0,0,0.015731128,0,0,0,0.016743003,0,0,0.016743003,0.048922213,0,0.016743003,0.048922213,0,0,0,0.016743003,0.048922213,0,0,0.016743003,0.048922213,0,0,0,0,0,0.048922213,0,0.016743003,0,0,0,0,0,0,0,0.021944867,0,0,0,0,0.016743003,0,0,0,0,0,0.016743003,0,0,0,0,0,0.016743003,0,0,0,0,0,0,0,0.016743003,0.048922213,0,0,0,0,0.016743003,0.048922213,0,0.016743003,0.048922213,0,0,0
what are some methods commonly used machine learning tasks nlp,0,0.036509468,0,0,0,0.004470047,0.057809189,0,0,0.004470047,0,0,0,0,0,0,0,0.036509468,0,0,0,0.004470047,0,0,0,0,0,0,0,0.004470047,0,0,0,0.036509468,0,0,0.062849922,0.00935355,0,0,0,0,0,0,0.007136362,0,0,0,0.007136362,0,0,0,0,0,0,0,0,0,0,0,0,0.007136362,0.036509468,0,0,0,0,0,0,0,0.036509468,0,0,0,0,0,0,0.062849922,0,0,0,0.062849922,0.053093089,0,0.004470047,0,0,0,0,0,0,0,0,0,0,0,0,0.004470047,0,0.022089479,0,0,0.007136362,0,0,0,0,0,0.004470047,0,0,0,0.007136362,0,0,0.007136362,0,0.025146399,0.007136362,0,0,0,0,0.007136362,0,0,0,0.007136362,0,0,0,0,0,0.025146399,0,0,0.007136362,0,0,0,0,0,0.025146399,0,0.00935355,0,0,0,0,0.007136362,0,0,0,0,0,0.007136362,0,0,0,0,0,0.007136362,0,0,0,0,0,0,0,0.007136362,0,0,0,0,0,0.007136362,0,0,0.007136362,0,0,0,0
can you explain about ngram,0,0,0,0,0.08601436,0.005049498,0,0.062241994,0,0.005049498,0,0,0,0.07926171,0,0,0,0,0.062241994,0,0,0.005049498,0,0,0,0,0.07926171,0,0,0.005049498,0,0,0,0,0.062241994,0,0,0.016905675,0,0,0,0.062241994,0,0,0,0,0,0,0,0,0,0,0,0.062241994,0,0,0,0,0,0,0,0,0,0.062241994,0,0,0,0,0,0,0,0.062241994,0,0.062241994,0.08601436,0.062241994,0,0,0.08601436,0.062241994,0,0,0,0,0.005049498,0,0,0,0,0.07926171,0,0,0,0,0.062241994,0,0,0.005049498,0,0.024952929,0,0,0,0.08601436,0.062241994,0,0,0,0.005049498,0,0,0,0,0.062241994,0,0,0,0,0,0,0,0,0,0,0,0,0,0,0,0,0,0,0,0,0,0,0,0,0,0,0,0,0,0,0.016905675,0,0,0,0,0,0,0,0,0,0,0,0,0,0,0,0,0,0,0,0,0.07926171,0,0,0,0,0,0,0,0,0,0,0,0,0,0,0,0,0
whai is word sense disambiguation,0,0,0,0,0,0.020657037,0,0,0,0.020657037,0,0,0,0,0,0,0,0,0,0,0,0.020657037,0,0,0,0,0,0,0,0.020657037,0,0,0,0,0,0,0,0.010373937,0,0,0,0,0,0,0,0.038544774,0,0,0,0,0,0,0,0,0,0,0,0,0,0,0,0,0,0,0,0,0,0,0,0,0,0,0,0,0,0,0,0,0,0,0,0,0,0,0.020657037,0,0,0,0,0,0,0,0,0,0,0,0,0.020657037,0,0,0,0,0,0,0,0,0,0,0.020657037,0,0,0,0,0,0,0,0.038544774,0,0,0.038544774,0,0,0,0,0.038544774,0,0,0,0.038544774,0,0,0,0,0,0.038544774,0,0,0,0,0,0,0,0,0,0.010373937,0,0,0,0,0,0,0,0,0,0,0,0,0,0,0,0,0,0,0,0,0,0,0,0,0,0.038544774,0,0,0,0,0,0.038544774,0,0,0.038544774,0,0,0
can you explain about svm,0,0,0,0,0.092895509,0.005453458,0,0.067221353,0,0.005453458,0,0,0,0.085602647,0,0,0,0,0.067221353,0,0,0.005453458,0,0,0,0,0.085602647,0,0,0.005453458,0,0,0,0,0.067221353,0,0,0.013693597,0,0,0,0.067221353,0,0,0,0,0,0,0,0,0,0,0,0.067221353,0,0,0,0,0,0,0,0,0,0.067221353,0,0,0,0,0,0,0,0.067221353,0,0.067221353,0.092895509,0.067221353,0,0,0.092895509,0.067221353,0,0,0,0,0.005453458,0,0,0,0,0.085602647,0,0,0,0,0.067221353,0,0,0.005453458,0,0.026949164,0,0,0,0.092895509,0.067221353,0,0,0,0.005453458,0,0,0,0,0.067221353,0,0,0,0,0,0,0,0,0,0,0,0,0,0,0,0,0,0,0,0,0,0,0,0,0,0,0,0,0,0,0.013693597,0,0,0,0,0,0,0,0,0,0,0,0,0,0,0,0,0,0,0,0,0.085602647,0,0,0,0,0,0,0,0,0,0,0,0,0,0,0,0,0
what is cfg,0,0,0,0,0,0.012394222,0,0,0,0.012394222,0,0,0,0,0,0,0,0,0,0,0,0.012394222,0,0,0,0,0,0,0,0.012394222,0,0,0,0,0,0,0,0.010373937,0,0,0,0,0,0,0.03957437,0.057817161,0,0,0.03957437,0,0,0,0,0,0,0,0,0,0,0,0,0.03957437,0,0,0,0,0,0,0,0,0,0,0,0,0,0,0,0,0,0,0,0,0,0,0.012394222,0,0,0,0,0,0,0,0,0,0,0,0,0.012394222,0,0,0,0,0.03957437,0,0,0,0,0,0.012394222,0,0,0,0.03957437,0,0,0.03957437,0.057817161,0,0.03957437,0.057817161,0,0,0,0.03957437,0.057817161,0,0,0.03957437,0.057817161,0,0,0,0,0,0.057817161,0,0.03957437,0,0,0,0,0,0,0,0.010373937,0,0,0,0,0.03957437,0,0,0,0,0,0.03957437,0,0,0,0,0,0.03957437,0,0,0,0,0,0,0,0.03957437,0.057817161,0,0,0,0,0.03957437,0.057817161,0,0.03957437,0.057817161,0,0,0
what is top down parsing,0,0,0,0,0,0.01136137,0,0,0,0.01136137,0,0.082746478,0,0,0,0,0,0,0,0,0,0.01136137,0,0,0.082746478,0,0,0,0,0.01136137,0,0,0,0,0,0,0,0.009509442,0,0,0,0,0,0,0.018138253,0.026499532,0,0,0.018138253,0,0,0,0,0,0,0,0,0,0,0,0,0.018138253,0,0,0,0,0,0,0,0,0,0,0,0,0,0,0,0,0,0,0,0,0,0,0.01136137,0,0,0.082746478,0,0,0,0,0,0,0,0,0,0.01136137,0,0.028072046,0,0,0.018138253,0,0,0.111627611,0,0,0.01136137,0.111627611,0,0,0.018138253,0,0,0.018138253,0.026499532,0,0.018138253,0.026499532,0,0,0,0.018138253,0.026499532,0,0,0.018138253,0.026499532,0,0,0,0,0,0.026499532,0,0.018138253,0,0,0,0,0,0,0,0.009509442,0,0,0,0,0.018138253,0,0,0,0,0,0.018138253,0,0,0,0,0,0.018138253,0,0,0,0,0,0,0,0.018138253,0.026499532,0,0,0,0,0.018138253,0.026499532,0,0.018138253,0.026499532,0,0,0
what is text simplification,0,0,0,0,0,0.02524749,0,0,0,0.02524749,0,0,0,0,0,0,0,0,0,0,0,0.02524749,0,0,0,0,0,0,0,0.02524749,0,0,0,0,0,0,0,0.008452838,0,0,0,0,0,0,0.016122892,0.02355514,0,0,0.016122892,0,0,0,0,0,0,0,0,0,0,0,0,0.016122892,0,0,0,0,0,0,0,0,0,0,0,0,0,0,0,0,0,0,0,0,0,0,0.02524749,0,0,0,0,0,0,0,0,0,0,0,0,0.02524749,0,0,0,0,0.016122892,0,0,0,0,0,0.02524749,0,0,0,0.016122892,0,0,0.016122892,0.02355514,0,0.016122892,0.02355514,0,0,0,0.016122892,0.02355514,0,0,0.016122892,0.02355514,0,0,0,0,0,0.02355514,0,0.016122892,0,0,0,0,0,0,0,0.008452838,0,0,0,0,0.016122892,0,0,0,0,0,0.016122892,0,0,0,0,0,0.016122892,0,0,0,0,0,0,0,0.016122892,0.02355514,0,0,0,0,0.016122892,0.02355514,0,0.016122892,0.02355514,0,0,0
